ItemCode,BarCode
I513,SM976
I119,ML420
I7,CH252
I71,DH313
I292,S1201
I144,ML445
I319,S1228
I57,B1302
I66,DH308
I34,CH224
I82,DH324
I312,S1221
I334,SM913
I100,ML401
I152,ML453
I506,SM966
I89,DH331
I230,RC103
I498,SM958
I340,SM919
I240,RC113
I113,ML414
I45,CH213
I220,OS027
I41,CH217
I342,SM921
I72,DH314
I13,CH246
I51,CH206
I138,ML439
I114,ML415
I78,DH320
I67,DH309
I61,DH303
I154,ML455
I286,RC159
I121,ML422
I166,ML467
I239,RC112
I217,OS024
I202,OS009
I143,ML444
I206,OS013
I155,ML456
I475,RC172
I137,ML438
I327,SM906
I99,DH341
I469,RC165
I205,OS012
I249,RC122
I63,DH305
I467,OS037
I228,RC101
I341,SM920
I307,S1216
I274,RC147
I172,ML473
I476,RC173
I494,DH346
I474,RC171
I471,RC167
I203,OS010
I465,OS036
I196,OS003
I112,ML413
I105,ML406
I253,RC126
I278,RC151
I163,ML464
I116,ML417
I365,SM944
I282,RC155
I481,CH259
I477,RC174
I482,CH260
I197,OS004
I252,RC125
I514,SM977
I472,RC168
I226,OS033
I478,RC175
I502,SM962
I505,SM965
I511,SM971
I109,ML410
I382,B1300
I156,ML457
I503,SM963
I483,CH261
I491,DH342
I126,ML427
I507,SM967
I204,OS011
I480,RC176
I509,SM969
I504,SM964
I508,SM968
I499,SM959
I517,S1232
I219,OS026
I104,ML405
I211,OS018
I164,ML465
I355,SM934
I496,SM956
I489,DH335
I332,SM911
I501,SM961
I497,SM957
I97,DH339
I62,DH304
I229,RC102
I123,ML424
I493,DH345
I294,S1203
I122,ML423
I316,S1225
I308,S1217
I28,CH231
I370,SM949
I18,CH241
I58,B1301
I49,CH208
I92,
I23,CH236
I33,CH225
I87,DH329
I88,DH330
I48,CH209
I83,DH325
I55,CH202
I44,CH214
I19,CH240
I69,DH311
I374,SM953
I145,ML446
I29,CH230
I24,CH235
I25,CH234
I379,W1403
I46,CH211
I94,DH336
I64,DH306
I31,CH228
I65,DH307
I26,CH233
I95,DH337
I70,DH312
I183,ML484
I39,CH219
I40,CH218
I133,ML434
I85,DH327
I182,ML483
I30,CH229
I214,OS021
I167,ML468
I168,ML469
I178,ML479
I148,ML449
I158,ML459
I149,ML450
I117,ML418
I124,ML425
I184,ML485
I169,ML470
I125,ML426
I170,ML471
I129,ML430
I174,ML475
I179,ML480
I180,ML481
I185,ML486
I175,ML476
I176,ML477
I188,ML489
I187,ML488
I237,RC110
I162,ML463
I181,ML482
I135,ML436
I115,ML416
I186,ML487
I192,ML493
I193,ML494
I199,OS006
I238,RC111
I254,RC127
I210,OS017
I244,RC117
I243,RC116
I227,OS034
I136,ML437
I223,OS030
I198,OS005
I247,RC120
I218,OS025
I268,RC141
I56,CH201
I250,RC123
I270,RC143
I36,CH222
I260,RC133
I191,ML492
I225,OS032
I302,S1211
I297,S1206
I293,S1202
I221,OS028
I318,S1227
I271,RC144
I246,RC119
I241,RC114
I259,RC132
I251,RC124
I283,RC156
I231,RC104
I161,ML462
I266,RC139
I323,SM902
I90,DH332
I305,S1214
I325,SM904
I320,S1229
I335,SM914
I310,S1219
I349,SM928
I285,RC158
I324,SM903
I295,S1204
I300,S1209
I329,SM908
I330,SM909
I291,RC164
I357,SM936
I321,S1230
I306,S1215
I376,SM955
I351,SM930
I311,S1220
I362,SM941
I338,SM917
I296,S1205
I356,SM935
I378,W1402
I276,RC149
I336,SM915
I368,SM947
I373,SM952
I360,SM939
I347,SM926
I363,SM942
I343,SM922
I264,RC137
I380,W1404
I8,CH251
I366,SM945
I222,OS029
I371,SM950
I547,DH409
I127,ML428
I15,CH244
I256,RC129
I527,W1414
I255,RC128
I272,RC145
I3,CH256
I4,CH255
I275,RC148
I108,ML409
I548,DH408
I269,RC142
I14,CH245
I11,CH248
I262,RC135
I194,OS001
I12,CH247
I10,CH249
I9,CH250
I263,RC136
I17,CH242
I16,CH243
I27,CH232
I215,OS022
I128,ML429
I5,CH254
I22,CH237
I346,SM925
I1,CH258
I32,CH227
I110,ML411
I359,SM938
I86,DH328
I96,DH338
I20,CH239
I177,ML478
I80,DH322
I101,ML402
I60,DH302
I54,CH203
I79,DH321
I47,CH210
I38,CH220
I103,ML404
I131,ML432
I146,ML447
I189,ML490
I235,RC108
I190,ML491
I236,RC109
I224,OS031
I173,ML474
I232,RC105
I102,ML403
I328,SM907
I315,S1224
I290,RC163
I375,SM954
I81,DH323
I284,RC157
I348,SM927
I339,SM918
I361,SM940
I216,OS023
I299,S1208
I377,W1401
I344,SM923
I84,DH326
I381,W1405
I245,RC118
I59,DH301
I331,SM910
I157,ML458
I2,CH257
I159,ML460
I265,RC138
I139,ML440
I273,RC146
I6,CH253
I248,RC121
I52,CH205
I140,ML441
I367,SM946
I50,CH207
I358,SM937
I337,SM916
I242,RC115
I195,OS002
I326,SM905
I309,S1218
I43,CH215
I279,RC152
I261,RC134
I353,SM932
I298,S1207
I258,RC131
I91,DH333
I77,DH319
I369,SM948
I287,RC160
I352,SM931
I98,DH340
I470,RC166
I107,ML408
I21,CH238
I42,CH216
I304,S1213
I515,SM978
I364,SM943
I510,SM970
I200,OS007
I313,S1222
I134,ML435
I68,DH310
I281,RC154
I106,ML407
I76,DH318
I213,OS020
I93,DH344
I207,OS014
I345,SM924
I130,ML431
I277,RC150
I53,CH204
I75,DH317
I333,SM912
I317,S1226
I350,SM929
I233,RC106
I303,S1212
I314,S1223
I354,SM933
I132,ML433
I545,S1241
I142,ML443
I151,ML452
I539,S1235
I322,SM901
I544,OS055
I543,S1234
I289,RC162
I512,SM975
I120,ML421
I541,S1233
I111,ML412
I257,RC130
I301,S1210
I141,ML442
I160,ML461
I147,ML448
I209,OS016
I234,RC107
I516,S1231
I73,DH315
I118,ML419
I372,SM951
I280,RC153
I267,RC140
I525,S1240
I37,CH221
I492,DH343
I208,OS015
I35,CH223
I153,ML454
I171,ML472
I201,OS008
I500,SM960
I529,S1255
I74,DH316
I473,RC170
I487,DH334
I150,ML451
I288,RC161
I212,OS019
I165,ML466
