variantSku,variantBarcode,productSku,productName,productType,stockOnHand,hasStrPutawayRule,putawayRuleKind,hasStrBin,strBinQty,strBinCodes
BK01-TEL-01,B1300,BK01,"Siridhanyalatho sampoorna Arogyam",consumable,0,false,,false,0,""
BK02-TEL-01,B1301,BK02,"Siridhanyalu (sampoorna Arogyam)",consumable,0,false,,false,0,""
BRCK-1KG-01,W1405,BRCK,"Bricks",consumable,0,false,,false,0,""
CART-1NO-01,W1412,CART,"cartridge (filled)",consumable,0,false,,false,0,""
COAL-1KG-01,W1404,COAL,"Coal",consumable,0,false,,false,0,""
IACT-INC-9INCH-01,M1028,IACT,"Iron Appam Chatti Tawa",consumable,0,false,,false,0,""
IATW-INC-12INCH-01,M1027,IATW,"Iron Amboli Tawa",consumable,0,false,,false,0,""
IDWH-INC-10INCH-01,M1019,IDWH,"Iron Dosa Tawa (Wooden Handle)",consumable,0,false,,false,0,""
IDWH-INC-11INCH-02,M1020,IDWH,"Iron Dosa Tawa (Wooden Handle)",consumable,0,false,,false,0,""
IDWH-INC-12INCH-03,M1021,IDWH,"Iron Dosa Tawa (Wooden Handle)",consumable,0,false,,false,0,""
IDWH-INC-13INCH-04,M1022,IDWH,"Iron Dosa Tawa (Wooden Handle)",consumable,0,false,,false,0,""
IFPS-12INCH-01,M1033,IFPS,"Iron Frying Pan (Steel Handle)",consumable,0,false,,false,0,""
IFPW-INC-10INCH-02,M1030,IFPW,"Iron Frying Pan (Wooden Handle)",consumable,0,false,,false,0,""
IFPW-INC-8INCH-01,M1029,IFPW,"Iron Frying Pan (Wooden Handle)",consumable,0,false,,false,0,""
IKSH-INC-10INCH-03,M1016,IKSH,"Iron Kadai (Steel Handle)",consumable,0,false,,false,0,""
IKSH-INC-11INCH-04,M1017,IKSH,"Iron Kadai (Steel Handle)",consumable,0,false,,false,0,""
IKSH-INC-12INCH-05,M1018,IKSH,"Iron Kadai (Steel Handle)",consumable,0,false,,false,0,""
IKSH-INC-8INCH-01,M1014,IKSH,"Iron Kadai (Steel Handle)",consumable,0,false,,false,0,""
IKSH-INC-9INCH-02,M1015,IKSH,"Iron Kadai (Steel Handle)",consumable,0,false,,false,0,""
IKSI-INC-10INCH-04,M1013,IKSI,"Iron Kadai (Steel Handle)-Induction",consumable,0,false,,false,0,""
IKSI-INC-7INCH-01,M1010,IKSI,"Iron Kadai (Steel Handle)-Induction",consumable,0,false,,false,0,""
IKSI-INC-8INCH-02,M1011,IKSI,"Iron Kadai (Steel Handle)-Induction",consumable,0,false,,false,0,""
IKSI-INC-9INCH-03,M1012,IKSI,"Iron Kadai (Steel Handle)-Induction",consumable,0,false,,false,0,""
IKWH-INC-10INCH-05,M1009,IKWH,"Iron Kadai (Wooden Handle)",consumable,0,false,,false,0,""
IKWH-INC-5INCH-01,M1005,IKWH,"Iron Kadai (Wooden Handle)",consumable,0,false,,false,0,""
IKWH-INC-7INCH-02,M1006,IKWH,"Iron Kadai (Wooden Handle)",consumable,0,false,,false,0,""
IKWH-INC-8INCH-03,M1007,IKWH,"Iron Kadai (Wooden Handle)",consumable,0,false,,false,0,""
IKWH-INC-9INCH-04,M1008,IKWH,"Iron Kadai (Wooden Handle)",consumable,0,false,,false,0,""
IKWI-INC-10INCH-04,M1004,IKWI,"Iron Kadai (Wooden Handle)-Induction",consumable,0,false,,false,0,""
IKWI-INC-7INCH-01,M1001,IKWI,"Iron Kadai (Wooden Handle)-Induction",consumable,0,false,,false,0,""
IKWI-INC-8INCH-02,M1002,IKWI,"Iron Kadai (Wooden Handle)-Induction",consumable,0,false,,false,0,""
IKWI-INC-9INCH-03,M1003,IKWI,"Iron Kadai (Wooden Handle)-Induction",consumable,0,false,,false,0,""
IPSH-01,M1032,IPSH,"Iron Ponganalu Kadai (Steel Handle)",consumable,0,false,,false,0,""
IPWH-01,M1031,IPWH,"Iron Ponganalu Kadai (Wooden Handle)",consumable,0,false,,false,0,""
IRWH-INC-10INCH-01,M1023,IRWH,"Iron Roti Tawa (Wooden Handle)",consumable,0,false,,false,0,""
IRWH-INC-11INCH-02,M1024,IRWH,"Iron Roti Tawa (Wooden Handle)",consumable,0,false,,false,0,""
IRWH-INC-12INCH-03,M1025,IRWH,"Iron Roti Tawa (Wooden Handle)",consumable,0,false,,false,0,""
IRWH-INC-13INCH-04,M1026,IRWH,"Iron Roti Tawa (Wooden Handle)",consumable,0,false,,false,0,""
LMST-1KG-01,W1403,LMST,"Lime Stone",consumable,0,false,,false,0,""
MBAG-CLO-1NO-01,W1414,MBAG,"Mineral Bag",consumable,0,false,,false,0,""
SAND-1KG-01,W1406,SAND,"Sand",consumable,0,false,,false,0,""
SMFT-01,B1302,SMFT,"Siridhanyalu(Millets) Food that Heals",consumable,0,false,,false,0,""
SMRD-1NO-01,W1413,SMRD,"316 Steel Mesh (Round)",consumable,0,false,,false,0,""
SMSH-1SQMT-01,W1407,SMSH,"316 Steel Mesh",consumable,0,false,,false,0,""
SOAP-PROC-BAB-100G-08,SOAP-PROC-BAB-100G-08,SOAP-PROC,"Processed Bath Soap (drying WIP)",semi,0,false,,false,0,""
SOAP-PROC-COW-100G-01,SOAP-PROC-COW-100G-01,SOAP-PROC,"Processed Bath Soap (drying WIP)",semi,0,false,,false,0,""
SOAP-PROC-JAS-100G-02,SOAP-PROC-JAS-100G-02,SOAP-PROC,"Processed Bath Soap (drying WIP)",semi,0,false,,false,0,""
SOAP-PROC-NEE-100G-04,SOAP-PROC-NEE-100G-04,SOAP-PROC,"Processed Bath Soap (drying WIP)",semi,0,false,,false,0,""
SOAP-PROC-NEE-100G-05,SOAP-PROC-NEE-100G-05,SOAP-PROC,"Processed Bath Soap (drying WIP)",semi,0,false,,false,0,""
SOAP-PROC-PAN-100G-06,SOAP-PROC-PAN-100G-06,SOAP-PROC,"Processed Bath Soap (drying WIP)",semi,0,false,,false,0,""
SOAP-PROC-VET-100G-07,SOAP-PROC-VET-100G-07,SOAP-PROC,"Processed Bath Soap (drying WIP)",semi,0,false,,false,0,""
WFE2-1NO-01,W1402,WFE2,"Water Filter-SS316 - E 23",consumable,0,false,,false,0,""
WFMS-1NO-01,W1415,WFMS,"Water Filter Stand - MS (Powder Coated)",consumable,0,false,,false,0,""
WFSS-1NO-01,W1416,WFSS,"Water Filter Stand - SS (Stainless Steel)",consumable,0,false,,false,0,""
WFST-1NO-01,W1408,WFST,"Water Filter Stand",consumable,0,false,,false,0,""