variantSku,variantBarcode,productSku,productName,productType,ruleScope,rulePriority,ruleNotes,stockOnHand,strBinQty,strBinCode
AGRB-CHA-90STICKS-04,CH243,AGRB,Agarbathi,finished,product,200,Auto-staged in Zone PR for retail / vacuum pack,0,0,
AGRB-JAS-90STICKS-02,CH241,AGRB,Agarbathi,finished,product,200,Auto-staged in Zone PR for retail / vacuum pack,0,0,
AGRB-KEW-90STICKS-03,CH242,AGRB,Agarbathi,finished,product,200,Auto-staged in Zone PR for retail / vacuum pack,0,0,
AGRB-LAV-90STICKS-05,CH244,AGRB,Agarbathi,finished,product,200,Auto-staged in Zone PR for retail / vacuum pack,0,0,
AGRB-MOG-90STICKS-06,CH245,AGRB,Agarbathi,finished,product,200,Auto-staged in Zone PR for retail / vacuum pack,0,0,
AGRB-ROS-90STICKS-07,CH246,AGRB,Agarbathi,finished,product,200,Auto-staged in Zone PR for retail / vacuum pack,0,0,
AGRB-SAN-90STICKS-01,CH240,AGRB,Agarbathi,finished,product,200,Auto-staged in Zone PR for retail / vacuum pack,0,0,
AJWN-100G-01,SM989,AJWN,Ajwain,finished,product,200,Auto-staged in Zone PR for retail / vacuum pack,1234,0,
AKPD-200G-01,SM982,AKPD,Andukorra Papad,finished,product,200,Auto-staged in Zone PR for retail / vacuum pack,0,0,
ALMN-BAD-100G-05,DH303,ALMN,Almonds,finished,product,200,Auto-staged in Zone PR for retail / vacuum pack,1234,0,
ALMN-BAD-1KG-01,DH361,ALMN,Almonds,finished,product,200,Auto-staged in Zone PR for retail / vacuum pack,0,0,
ALMN-BAD-250G-04,DH302,ALMN,Almonds,finished,product,200,Auto-staged in Zone PR for retail / vacuum pack,1234,0,
ALMN-BAD-500G-02,DH301,ALMN,Almonds,finished,product,200,Auto-staged in Zone PR for retail / vacuum pack,0,0,
AMLP-100G-01,DH342,AMLP,Amla Powder,finished,product,200,Auto-staged in Zone PR for retail / vacuum pack,1234,0,
AMRS-RAJ-100G-03,DH402,AMRS,Amaranth Seeds,finished,product,200,Auto-staged in Zone PR for retail / vacuum pack,0,0,
AMRS-RAJ-200G-02,DH403,AMRS,Amaranth Seeds,finished,product,200,Auto-staged in Zone PR for retail / vacuum pack,0,0,
AMRS-RAJ-500G-01,DH404,AMRS,Amaranth Seeds,finished,product,200,Auto-staged in Zone PR for retail / vacuum pack,0,0,
ANPA-500G-01,RC169,ANPA,Anapa pappu,finished,product,200,Auto-staged in Zone PR for retail / vacuum pack,1234,0,
APKL-300G-02,SM950,APKL,Amla pickle,finished,product,200,Auto-staged in Zone PR for retail / vacuum pack,0,0,
ASHW-100G-02,CH256,ASHW,Ashwagandha powder,finished,product,200,Auto-staged in Zone PR for retail / vacuum pack,0,0,
ASHW-200G-01,CH255,ASHW,Ashwagandha powder,finished,product,200,Auto-staged in Zone PR for retail / vacuum pack,2468,0,
BAJA-1KG-01,ML448,BAJA,Bajra,finished,product,200,Auto-staged in Zone PR for retail / vacuum pack,0,0,
BAJA-500G-02,ML449,BAJA,Bajra,finished,product,200,Auto-staged in Zone PR for retail / vacuum pack,0,0,
BAJF-1KG-01,ML452,BAJF,Bajra Flour,finished,product,200,Auto-staged in Zone PR for retail / vacuum pack,1234,0,
BAJF-500G-02,ML453,BAJF,Bajra Flour,finished,product,200,Auto-staged in Zone PR for retail / vacuum pack,1234,0,
BAJP-1KG-01,ML489,BAJP,Bajra Poha,finished,product,200,Auto-staged in Zone PR for retail / vacuum pack,0,0,
BAJP-250G-03,ML491,BAJP,Bajra Poha,finished,product,200,Auto-staged in Zone PR for retail / vacuum pack,0,0,
BAJP-500G-02,ML490,BAJP,Bajra Poha,finished,product,200,Auto-staged in Zone PR for retail / vacuum pack,0,0,
BAJR-1KG-01,ML450,BAJR,Bajra Ravva,finished,product,200,Auto-staged in Zone PR for retail / vacuum pack,1234,0,
BAJR-500G-02,ML451,BAJR,Bajra Ravva,finished,product,200,Auto-staged in Zone PR for retail / vacuum pack,0,0,
BGHK-GUN-250G-01,RC103,BGHK,Blackgram without Husk,finished,product,200,Auto-staged in Zone PR for retail / vacuum pack,1234,0,
BGRM-1KG-01,RC101,BGRM,Blackgram whole,finished,product,200,Auto-staged in Zone PR for retail / vacuum pack,0,0,
BGRM-500G-02,RC102,BGRM,Blackgram whole,finished,product,200,Auto-staged in Zone PR for retail / vacuum pack,0,0,
BGSC-1KG-01,RC106,BGSC,Blackgram stone crushed,finished,product,200,Auto-staged in Zone PR for retail / vacuum pack,1234,0,
BGSC-500G-02,RC107,BGSC,Blackgram stone crushed,finished,product,200,Auto-staged in Zone PR for retail / vacuum pack,0,0,
BHMP-200G-02,DH307,BHMP,Brahmi Powder,finished,product,200,Auto-staged in Zone PR for retail / vacuum pack,0,0,
BHMP-500G-01,DH306,BHMP,Brahmi Powder,finished,product,200,Auto-staged in Zone PR for retail / vacuum pack,0,0,
BKRC-1KG-01,RC168,BKRC,Black Rice,finished,product,200,Auto-staged in Zone PR for retail / vacuum pack,1234,0,
BKSL-100G-02,SM1007,BKSL,Black Salt,finished,product,200,Auto-staged in Zone PR for retail / vacuum pack,0,0,
BKSL-200G-01,SM1008,BKSL,Black Salt,finished,product,200,Auto-staged in Zone PR for retail / vacuum pack,2468,0,
BLRC-1KG-01,RC176,BLRC,Boiled Rice,finished,product,200,Auto-staged in Zone PR for retail / vacuum pack,1234,0,
BLVD-750ML-01,DH305,BLVD,Bilva / Maredu Drink,finished,product,200,Auto-staged in Zone PR for retail / vacuum pack,0,0,
BLYG-100G-01,DH304,BLYG,Barley Grass Powder,finished,product,200,Auto-staged in Zone PR for retail / vacuum pack,0,0,
BPSC-1KG-01,RC110,BPSC,Black Pesalu Stone Crushed,finished,product,200,Auto-staged in Zone PR for retail / vacuum pack,0,0,
BPSC-500G-02,RC111,BPSC,Black Pesalu Stone Crushed,finished,product,200,Auto-staged in Zone PR for retail / vacuum pack,0,0,
BPSL-1KG-01,RC108,BPSL,Black Pesalu,finished,product,200,Auto-staged in Zone PR for retail / vacuum pack,0,0,
BPSL-500G-02,RC109,BPSL,Black Pesalu,finished,product,200,Auto-staged in Zone PR for retail / vacuum pack,0,0,
BRAR-100G-03,S1249,BRAR,Black Rice Arisalu,finished,product,200,Auto-staged in Zone PR for retail / vacuum pack,0,0,
BRAR-1KG-01,S1311,BRAR,Black Rice Arisalu,finished,product,200,Auto-staged in Zone PR for retail / vacuum pack,0,0,
BRAR-500G-02,S1276,BRAR,Black Rice Arisalu,finished,product,200,Auto-staged in Zone PR for retail / vacuum pack,0,0,
BRLD-100G-01,S1243,BRLD,Borugulu Laddu,finished,product,200,Auto-staged in Zone PR for retail / vacuum pack,0,0,
BRTI-SAJ-3PC-01,S1234,BRTI,Bajra rotti,finished,product,200,Auto-staged in Zone PR for retail / vacuum pack,0,0,
BSMR-100G-03,S1247,BSMR,Besan murukulu,finished,product,200,Auto-staged in Zone PR for retail / vacuum pack,0,0,
BSMR-1KG-01,S1309,BSMR,Besan murukulu,finished,product,200,Auto-staged in Zone PR for retail / vacuum pack,0,0,
BSMR-500G-02,S1274,BSMR,Besan murukulu,finished,product,200,Auto-staged in Zone PR for retail / vacuum pack,0,0,
BSOP-BAB-100G-08,CH262,BSOP,Bath Soap,finished,product,200,Auto-staged in Zone PR for retail / vacuum pack,0,0,
BSOP-COW-100G-01,CH201,BSOP,Bath Soap,finished,product,200,Auto-staged in Zone PR for retail / vacuum pack,0,0,
BSOP-CUT-TRIM-01,BSOP-CUT,BSOP,Bath Soap,finished,product,200,Auto-staged in Zone PR for retail / vacuum pack,0,0,
BSOP-JAS-100G-02,CH202,BSOP,Bath Soap,finished,product,200,Auto-staged in Zone PR for retail / vacuum pack,0,0,
BSOP-MUL-100G-03,CH203,BSOP,Bath Soap,finished,product,200,Auto-staged in Zone PR for retail / vacuum pack,0,0,
BSOP-NEE-100G-04,CH204,BSOP,Bath Soap,finished,product,200,Auto-staged in Zone PR for retail / vacuum pack,0,0,
BSOP-NEE-100G-05,CH205,BSOP,Bath Soap,finished,product,200,Auto-staged in Zone PR for retail / vacuum pack,0,0,
BSOP-PAN-100G-06,CH206,BSOP,Bath Soap,finished,product,200,Auto-staged in Zone PR for retail / vacuum pack,0,0,
BSOP-VET-100G-07,CH207,BSOP,Bath Soap,finished,product,200,Auto-staged in Zone PR for retail / vacuum pack,0,0,
BTMF-1KG-01,ML405,BTMF,Brown Top Millet Flour,finished,product,200,Auto-staged in Zone PR for retail / vacuum pack,1234,0,
BTMF-500G-02,ML406,BTMF,Brown Top Millet Flour,finished,product,200,Auto-staged in Zone PR for retail / vacuum pack,0,0,
BTMR-1KG-01,ML403,BTMR,Brown Top Millet Ravva,finished,product,200,Auto-staged in Zone PR for retail / vacuum pack,1234,0,
BTMR-500G-02,ML404,BTMR,Brown Top Millet Ravva,finished,product,200,Auto-staged in Zone PR for retail / vacuum pack,0,0,
BTMT-1KG-01,ML401,BTMT,Brown Top Millet,finished,product,200,Auto-staged in Zone PR for retail / vacuum pack,1234,0,
BTMT-500G-02,ML402,BTMT,Brown Top Millet,finished,product,200,Auto-staged in Zone PR for retail / vacuum pack,0,0,
BTRC-STR-500ML-01,CH252,BTRC,Bathroom Cleaner,finished,product,200,Auto-staged in Zone PR for retail / vacuum pack,0,0,
BYLF-25G-01,SM990,BYLF,Bay Leaf,finished,product,200,Auto-staged in Zone PR for retail / vacuum pack,1234,0,
BYMF-1KG-01,ML464,BYMF,Barnyard Millet Flour,finished,product,200,Auto-staged in Zone PR for retail / vacuum pack,1234,0,
BYMF-500G-02,ML465,BYMF,Barnyard Millet Flour,finished,product,200,Auto-staged in Zone PR for retail / vacuum pack,0,0,
BYMP-1KG-01,ML480,BYMP,Barnyard Millet Poha,finished,product,200,Auto-staged in Zone PR for retail / vacuum pack,0,0,
BYMP-250G-03,ML482,BYMP,Barnyard Millet Poha,finished,product,200,Auto-staged in Zone PR for retail / vacuum pack,0,0,
BYMP-500G-02,ML481,BYMP,Barnyard Millet Poha,finished,product,200,Auto-staged in Zone PR for retail / vacuum pack,0,0,
BYMR-1KG-01,ML462,BYMR,Barnyard Millet Ravva,finished,product,200,Auto-staged in Zone PR for retail / vacuum pack,1234,0,
BYMR-500G-02,ML463,BYMR,Barnyard Millet Ravva,finished,product,200,Auto-staged in Zone PR for retail / vacuum pack,0,0,
BYMT-1KG-01,ML460,BYMT,Barnyard Millet,finished,product,200,Auto-staged in Zone PR for retail / vacuum pack,1234,0,
BYMT-500G-02,ML461,BYMT,Barnyard Millet,finished,product,200,Auto-staged in Zone PR for retail / vacuum pack,0,0,
CAOL-AMU-1L-02,DH308,CAOL,Castor Oil,finished,product,200,Auto-staged in Zone PR for retail / vacuum pack,0,0,
CAOL-AMU-200ML-06,DH310,CAOL,Castor Oil,finished,product,200,Auto-staged in Zone PR for retail / vacuum pack,0,0,
CAOL-AMU-200ML-07,DH330,CAOL,Castor Oil,finished,product,200,Auto-staged in Zone PR for retail / vacuum pack,0,0,
CAOL-AMU-200ML-08,DH311,CAOL,Castor Oil,finished,product,200,Auto-staged in Zone PR for retail / vacuum pack,0,0,
CAOL-AMU-250ML-05,DH401,CAOL,Castor Oil,finished,product,200,Auto-staged in Zone PR for retail / vacuum pack,0,0,
CAOL-AMU-500ML-03,DH309,CAOL,Castor Oil,finished,product,200,Auto-staged in Zone PR for retail / vacuum pack,0,0,
CAOL-AMU-500ML-04,DH312,CAOL,Castor Oil,finished,product,200,Auto-staged in Zone PR for retail / vacuum pack,0,0,
CAOL-AMU-5L-01,DH416,CAOL,Castor Oil,finished,product,200,Auto-staged in Zone PR for retail / vacuum pack,0,0,
CARD-YAL-100G-01,SM992,CARD,Cardamom,finished,product,200,Auto-staged in Zone PR for retail / vacuum pack,0,0,
CARD-YAL-25G-03,SM901,CARD,Cardamom,finished,product,200,Auto-staged in Zone PR for retail / vacuum pack,0,0,
CARD-YAL-50G-02,SM902,CARD,Cardamom,finished,product,200,Auto-staged in Zone PR for retail / vacuum pack,0,0,
CCAK-1KG-01,OS006,CCAK,Coconut Cake,finished,product,200,Auto-staged in Zone PR for retail / vacuum pack,0,0,
CHBK-BEN-1KG-01,RC115,CHBK,Channa (black),finished,product,200,Auto-staged in Zone PR for retail / vacuum pack,1234,0,
CHBK-BEN-250G-03,RC117,CHBK,Channa (black),finished,product,200,Auto-staged in Zone PR for retail / vacuum pack,1234,0,
CHBK-BEN-500G-02,RC116,CHBK,Channa (black),finished,product,200,Auto-staged in Zone PR for retail / vacuum pack,0,0,
CHDL-1KG-01,RC118,CHDL,Channa Dal,finished,product,200,Auto-staged in Zone PR for retail / vacuum pack,0,0,
CHDL-250G-03,RC120,CHDL,Channa Dal,finished,product,200,Auto-staged in Zone PR for retail / vacuum pack,1234,0,
CHDL-500G-02,RC119,CHDL,Channa Dal,finished,product,200,Auto-staged in Zone PR for retail / vacuum pack,2468,0,
CHFL-1KG-01,RC121,CHFL,Channa Flour,finished,product,200,Auto-staged in Zone PR for retail / vacuum pack,0,0,
CHFL-250G-03,RC123,CHFL,Channa Flour,finished,product,200,Auto-staged in Zone PR for retail / vacuum pack,1234,0,
CHFL-500G-02,RC122,CHFL,Channa Flour,finished,product,200,Auto-staged in Zone PR for retail / vacuum pack,1234,0,
CHIA-100G-01,DH341,CHIA,Chia Seeds,finished,product,200,Auto-staged in Zone PR for retail / vacuum pack,1234,0,
CHPW-100G-04,SM910,CHPW,Chilli Powder,finished,product,200,Auto-staged in Zone PR for retail / vacuum pack,1234,0,
CHPW-1KG-01,SM907,CHPW,Chilli Powder,finished,product,200,Auto-staged in Zone PR for retail / vacuum pack,0,0,
CHPW-250G-03,SM909,CHPW,Chilli Powder,finished,product,200,Auto-staged in Zone PR for retail / vacuum pack,1234,0,
CHPW-500G-02,SM908,CHPW,Chilli Powder,finished,product,200,Auto-staged in Zone PR for retail / vacuum pack,1234,0,
CHRD-100G-04,SM906,CHRD,Chilli (Red),finished,product,200,Auto-staged in Zone PR for retail / vacuum pack,0,0,
CHRD-1KG-01,SM903,CHRD,Chilli (Red),finished,product,200,Auto-staged in Zone PR for retail / vacuum pack,0,0,
CHRD-250G-03,SM905,CHRD,Chilli (Red),finished,product,200,Auto-staged in Zone PR for retail / vacuum pack,0,0,
CHRD-500G-02,SM904,CHRD,Chilli (Red),finished,product,200,Auto-staged in Zone PR for retail / vacuum pack,0,0,
CHVD-ATU-100G-06,S1202,CHVD,Chivada,finished,product,200,Auto-staged in Zone PR for retail / vacuum pack,0,0,
CHVD-ATU-1KG-02,S1290,CHVD,Chivada,finished,product,200,Auto-staged in Zone PR for retail / vacuum pack,0,0,
CHWH-BEN-1KG-01,RC112,CHWH,Channa (white),finished,product,200,Auto-staged in Zone PR for retail / vacuum pack,0,0,
CHWH-BEN-250G-03,RC114,CHWH,Channa (white),finished,product,200,Auto-staged in Zone PR for retail / vacuum pack,1234,0,
CHWH-BEN-500G-02,RC113,CHWH,Channa (white),finished,product,200,Auto-staged in Zone PR for retail / vacuum pack,0,0,
CINN-DAL-25G-02,SM978,CINN,Cinnamon,finished,product,200,Auto-staged in Zone PR for retail / vacuum pack,0,0,
CINN-DAL-50G-01,SM977,CINN,Cinnamon,finished,product,200,Auto-staged in Zone PR for retail / vacuum pack,0,0,
CKGN-100G-04,S1235,CKGN,Chikki Groundnut,finished,product,200,Auto-staged in Zone PR for retail / vacuum pack,1234,0,
CKGN-1KG-01,S1289,CKGN,Chikki Groundnut,finished,product,200,Auto-staged in Zone PR for retail / vacuum pack,30,0,
CKGN-250G-03,S1201,CKGN,Chikki Groundnut,finished,product,200,Auto-staged in Zone PR for retail / vacuum pack,1234,0,
CKGN-500G-02,S1259,CKGN,Chikki Groundnut,finished,product,200,Auto-staged in Zone PR for retail / vacuum pack,0,0,
CLPW-100G-01,SM913,CLPW,Curry Leaf Powder,finished,product,200,Auto-staged in Zone PR for retail / vacuum pack,1234,0,
CLVS-LAV-25G-02,SM912,CLVS,Cloves,finished,product,200,Auto-staged in Zone PR for retail / vacuum pack,0,0,
CLVS-LAV-50G-01,SM911,CLVS,Cloves,finished,product,200,Auto-staged in Zone PR for retail / vacuum pack,0,0,
CMRC-JEE-1KG-01,RC205,CMRC,Chitti Muthyalu rice,finished,product,200,Auto-staged in Zone PR for retail / vacuum pack,1234,0,
CNLD-100G-02,S1277,CNLD,Coconut Laddu,finished,product,200,Auto-staged in Zone PR for retail / vacuum pack,0,0,
CNLD-1KG-01,S1312,CNLD,Coconut Laddu,finished,product,200,Auto-staged in Zone PR for retail / vacuum pack,0,0,
COFP-100G-04,SM1001,COFP,Coffee Powder,finished,product,200,Auto-staged in Zone PR for retail / vacuum pack,1234,0,
COFP-1KG-01,SM998,COFP,Coffee Powder,finished,product,200,Auto-staged in Zone PR for retail / vacuum pack,0,0,
COFP-250G-03,SM1000,COFP,Coffee Powder,finished,product,200,Auto-staged in Zone PR for retail / vacuum pack,0,0,
COFP-500G-02,SM999,COFP,Coffee Powder,finished,product,200,Auto-staged in Zone PR for retail / vacuum pack,3702,0,
COIL-1L-GL-05,OS038,COIL,Coconut Oil,finished,product,200,Auto-staged in Zone PR for retail / vacuum pack,0,0,
COIL-1L-PL-03,OS002,COIL,Coconut Oil,finished,product,200,Auto-staged in Zone PR for retail / vacuum pack,0,0,
COIL-1L-TN-04,OS061,COIL,Coconut Oil,finished,product,200,Auto-staged in Zone PR for retail / vacuum pack,0,0,
COIL-200ML-PL-10,OS004,COIL,Coconut Oil,finished,product,200,Auto-staged in Zone PR for retail / vacuum pack,0,0,
COIL-250ML-GL-08,OS005,COIL,Coconut Oil,finished,product,200,Auto-staged in Zone PR for retail / vacuum pack,1234,0,
COIL-250ML-PL-09,OS055,COIL,Coconut Oil,finished,product,200,Auto-staged in Zone PR for retail / vacuum pack,0,0,
COIL-500ML-GL-07,OS039,COIL,Coconut Oil,finished,product,200,Auto-staged in Zone PR for retail / vacuum pack,0,0,
COIL-500ML-PL-06,OS003,COIL,Coconut Oil,finished,product,200,Auto-staged in Zone PR for retail / vacuum pack,0,0,
COIL-5L-PL-01,OS001,COIL,Coconut Oil,finished,product,200,Auto-staged in Zone PR for retail / vacuum pack,0,0,
COIL-5L-TN-02,OS060,COIL,Coconut Oil,finished,product,200,Auto-staged in Zone PR for retail / vacuum pack,0,0,
CPLT-BIG-31CM*75CM-01,CH208,CPLT,Copper Plate,finished,product,200,Auto-staged in Zone PR for retail / vacuum pack,0,0,
CPLT-MED-26CM*25CM-02,CH209,CPLT,Copper Plate,finished,product,200,Auto-staged in Zone PR for retail / vacuum pack,0,0,
CPLT-SMA-25CM*18CM-03,CH210,CPLT,Copper Plate,finished,product,200,Auto-staged in Zone PR for retail / vacuum pack,0,0,
CRPK-250G-01,SM983,CRPK,Coriander Leaf Pickle,finished,product,200,Auto-staged in Zone PR for retail / vacuum pack,0,0,
CSHW-100G-04,DH409,CSHW,Cashew,finished,product,200,Auto-staged in Zone PR for retail / vacuum pack,0,0,
CSHW-1KG-01,DH406,CSHW,Cashew,finished,product,200,Auto-staged in Zone PR for retail / vacuum pack,0,0,
CSHW-250G-03,DH408,CSHW,Cashew,finished,product,200,Auto-staged in Zone PR for retail / vacuum pack,1234,0,
CSHW-500G-02,DH407,CSHW,Cashew,finished,product,200,Auto-staged in Zone PR for retail / vacuum pack,2468,0,
CTPK-250G-02,SM1020,CTPK,Chintha tokku pickle,finished,product,200,Auto-staged in Zone PR for retail / vacuum pack,0,0,
CTPK-300G-01,SM993,CTPK,Chintha tokku pickle,finished,product,200,Auto-staged in Zone PR for retail / vacuum pack,0,0,
CWBT-1L-01,CH211,CWBT,Copper Water Bottle,finished,product,200,Auto-staged in Zone PR for retail / vacuum pack,0,0,
CWPA-ALA-1KG-01,RC124,CWPA,CowPea,finished,product,200,Auto-staged in Zone PR for retail / vacuum pack,1234,0,
CWPA-ALA-250G-03,RC126,CWPA,CowPea,finished,product,200,Auto-staged in Zone PR for retail / vacuum pack,1234,0,
CWPA-ALA-500G-02,RC125,CWPA,CowPea,finished,product,200,Auto-staged in Zone PR for retail / vacuum pack,0,0,
CWPD-ALA-1KG-01,RC174,CWPD,Cowpea Dal,finished,product,200,Auto-staged in Zone PR for retail / vacuum pack,0,0,
CWPD-ALA-500G-02,RC175,CWPD,Cowpea Dal,finished,product,200,Auto-staged in Zone PR for retail / vacuum pack,1234,0,
DATE-100G-03,DH351,DATE,Dates,finished,product,200,Auto-staged in Zone PR for retail / vacuum pack,0,0,
DATE-250G-02,DH314,DATE,Dates,finished,product,200,Auto-staged in Zone PR for retail / vacuum pack,0,0,
DATE-500G-01,DH313,DATE,Dates,finished,product,200,Auto-staged in Zone PR for retail / vacuum pack,0,0,
DBR1-01,RC210,DBR1,DIABETIC RICE,finished,product,200,Auto-staged in Zone PR for retail / vacuum pack,0,0,
DBRC-1KG-01,RC170,DBRC,Desi Basmati Rice,finished,product,200,Auto-staged in Zone PR for retail / vacuum pack,1234,0,
DCGH-200ML-01,S1232,DCGH,Desi cow ghee pvs,finished,product,200,Auto-staged in Zone PR for retail / vacuum pack,0,0,
DDPD-100G-04,DH417,DDPD,Dry Dates powder,finished,product,200,Auto-staged in Zone PR for retail / vacuum pack,0,0,
DDPD-1KG-01,DH420,DDPD,Dry Dates powder,finished,product,200,Auto-staged in Zone PR for retail / vacuum pack,0,0,
DDPD-250G-03,DH418,DDPD,Dry Dates powder,finished,product,200,Auto-staged in Zone PR for retail / vacuum pack,0,0,
DDPD-500G-02,DH419,DDPD,Dry Dates powder,finished,product,200,Auto-staged in Zone PR for retail / vacuum pack,0,0,
DGWB-1L-01,CH232,DGWB,Drinking Glass Water Bottle,finished,product,200,Auto-staged in Zone PR for retail / vacuum pack,0,0,
DHNI-100G-04,SM917,DHNI,Dhaniyalu,finished,product,200,Auto-staged in Zone PR for retail / vacuum pack,2468,0,
DHNI-1KG-01,SM914,DHNI,Dhaniyalu,finished,product,200,Auto-staged in Zone PR for retail / vacuum pack,0,0,
DHNI-250G-03,SM916,DHNI,Dhaniyalu,finished,product,200,Auto-staged in Zone PR for retail / vacuum pack,0,0,
DHNI-500G-02,SM915,DHNI,Dhaniyalu,finished,product,200,Auto-staged in Zone PR for retail / vacuum pack,2468,0,
DHNP-100G-04,SM921,DHNP,Dhaniyalu Powder,finished,product,200,Auto-staged in Zone PR for retail / vacuum pack,0,0,
DHNP-1KG-01,SM918,DHNP,Dhaniyalu Powder,finished,product,200,Auto-staged in Zone PR for retail / vacuum pack,0,0,
DHNP-250G-03,SM920,DHNP,Dhaniyalu Powder,finished,product,200,Auto-staged in Zone PR for retail / vacuum pack,1234,0,
DHNP-500G-02,SM919,DHNP,Dhaniyalu Powder,finished,product,200,Auto-staged in Zone PR for retail / vacuum pack,1234,0,
DPJG-100G-02,DH348,DPJG,Date Palm Jaggery,finished,product,200,Auto-staged in Zone PR for retail / vacuum pack,0,0,
DPJG-200G-01,DH349,DPJG,Date Palm Jaggery,finished,product,200,Auto-staged in Zone PR for retail / vacuum pack,0,0,
DYCN-1KG-01,SM922,DYCN,Dry Coconut,finished,product,200,Auto-staged in Zone PR for retail / vacuum pack,0,0,
DYCN-250G-03,SM924,DYCN,Dry Coconut,finished,product,200,Auto-staged in Zone PR for retail / vacuum pack,0,0,
DYCN-500G-02,SM923,DYCN,Dry Coconut,finished,product,200,Auto-staged in Zone PR for retail / vacuum pack,0,0,
EUCL-FOR-100ML-04,CH237,EUCL,Eucalyptus Oil,finished,product,200,Auto-staged in Zone PR for retail / vacuum pack,0,0,
EUCL-FOR-1L-01,CH234,EUCL,Eucalyptus Oil,finished,product,200,Auto-staged in Zone PR for retail / vacuum pack,0,0,
EUCL-FOR-200ML-03,CH236,EUCL,Eucalyptus Oil,finished,product,200,Auto-staged in Zone PR for retail / vacuum pack,0,0,
EUCL-FOR-500ML-02,CH235,EUCL,Eucalyptus Oil,finished,product,200,Auto-staged in Zone PR for retail / vacuum pack,0,0,
EUCL-FOR-50ML-05,CH238,EUCL,Eucalyptus Oil,finished,product,200,Auto-staged in Zone PR for retail / vacuum pack,0,0,
FCDL-1KG-01,RC131,FCDL,Fried Channa dal,finished,product,200,Auto-staged in Zone PR for retail / vacuum pack,0,0,
FCDL-250G-03,RC133,FCDL,Fried Channa dal,finished,product,200,Auto-staged in Zone PR for retail / vacuum pack,1234,0,
FCDL-500G-02,RC132,FCDL,Fried Channa dal,finished,product,200,Auto-staged in Zone PR for retail / vacuum pack,1234,0,
FGRN-1KG-01,OS054,FGRN,Fried Groundnuts,finished,product,200,Auto-staged in Zone PR for retail / vacuum pack,0,0,
FGRN-250G-03,OS052,FGRN,Fried Groundnuts,finished,product,200,Auto-staged in Zone PR for retail / vacuum pack,1234,0,
FGRN-500G-02,OS053,FGRN,Fried Groundnuts,finished,product,200,Auto-staged in Zone PR for retail / vacuum pack,0,0,
FLCC-STR-500ML-01,CH251,FLCC,Floor Cleaner,finished,product,200,Auto-staged in Zone PR for retail / vacuum pack,0,0,
FLXP-100G-01,DH318,FLXP,Flax Seed Powder,finished,product,200,Auto-staged in Zone PR for retail / vacuum pack,1234,0,
FLXS-AVI-1KG-01,DH315,FLXS,Flax Seed,finished,product,200,Auto-staged in Zone PR for retail / vacuum pack,1234,0,
FLXS-AVI-250G-03,DH317,FLXS,Flax Seed,finished,product,200,Auto-staged in Zone PR for retail / vacuum pack,0,0,
FLXS-AVI-500G-02,DH316,FLXS,Flax Seed,finished,product,200,Auto-staged in Zone PR for retail / vacuum pack,0,0,
FPCK-ROS-20G-01,CH213,FPCK,Face Pack,finished,product,200,Auto-staged in Zone PR for retail / vacuum pack,0,0,
FPCK-SAN-20G-02,CH214,FPCK,Face Pack,finished,product,200,Auto-staged in Zone PR for retail / vacuum pack,0,0,
FRPL-1KG-03,RC128,FRPL,Fine Rice (Single Polish),finished,product,200,Auto-staged in Zone PR for retail / vacuum pack,1234,0,
FRPL-25KG-02,RC127,FRPL,Fine Rice (Single Polish),finished,product,200,Auto-staged in Zone PR for retail / vacuum pack,0,0,
FRPL-30KG-01,RC183,FRPL,Fine Rice (Single Polish),finished,product,200,Auto-staged in Zone PR for retail / vacuum pack,0,0,
FRUP-1KG-03,RC130,FRUP,Fine Rice (Unpolished),finished,product,200,Auto-staged in Zone PR for retail / vacuum pack,1234,0,
FRUP-25KG-02,RC129,FRUP,Fine Rice (Unpolished),finished,product,200,Auto-staged in Zone PR for retail / vacuum pack,0,0,
FRUP-30KG-01,RC184,FRUP,Fine Rice (Unpolished),finished,product,200,Auto-staged in Zone PR for retail / vacuum pack,0,0,
FXBR-100G-01,S1246,FXBR,Flaxseed Burfie,finished,product,200,Auto-staged in Zone PR for retail / vacuum pack,1234,0,
FXMF-1KG-01,ML423,FXMF,Foxtail Millet Flour,finished,product,200,Auto-staged in Zone PR for retail / vacuum pack,1234,0,
FXMF-500G-02,ML424,FXMF,Foxtail Millet Flour,finished,product,200,Auto-staged in Zone PR for retail / vacuum pack,0,0,
FXMP-1KG-01,ML474,FXMP,Foxtail Millet Poha,finished,product,200,Auto-staged in Zone PR for retail / vacuum pack,0,0,
FXMP-250G-03,ML476,FXMP,Foxtail Millet Poha,finished,product,200,Auto-staged in Zone PR for retail / vacuum pack,0,0,
FXMP-500G-02,ML475,FXMP,Foxtail Millet Poha,finished,product,200,Auto-staged in Zone PR for retail / vacuum pack,0,0,
FXMR-1KG-01,ML421,FXMR,Foxtail Millet Ravva,finished,product,200,Auto-staged in Zone PR for retail / vacuum pack,0,0,
FXMR-500G-02,ML422,FXMR,Foxtail Millet Ravva,finished,product,200,Auto-staged in Zone PR for retail / vacuum pack,1234,0,
FXTM-1KG-01,ML419,FXTM,Foxtail Millet,finished,product,200,Auto-staged in Zone PR for retail / vacuum pack,1234,0,
FXTM-500G-02,ML420,FXTM,Foxtail Millet,finished,product,200,Auto-staged in Zone PR for retail / vacuum pack,0,0,
GCAK-1KG-01,OS023,GCAK,Groundnut Cake,finished,product,200,Auto-staged in Zone PR for retail / vacuum pack,0,0,
GCHP-250G-01,SM951,GCHP,Groundnut Chutney Powder,finished,product,200,Auto-staged in Zone PR for retail / vacuum pack,1234,0,
GGDL-1KG-01,RC136,GGDL,Greengram Dal / stone crushed,finished,product,200,Auto-staged in Zone PR for retail / vacuum pack,1234,0,
GGDL-500G-02,RC137,GGDL,Greengram Dal / stone crushed,finished,product,200,Auto-staged in Zone PR for retail / vacuum pack,0,0,
GGPK-300G-02,SM958,GGPK,Gongura Pickle,finished,product,200,Auto-staged in Zone PR for retail / vacuum pack,0,0,
GLAD-100G-03,S1226,GLAD,Groundnut Laddu,finished,product,200,Auto-staged in Zone PR for retail / vacuum pack,0,0,
GLAD-1KG-01,S1302,GLAD,Groundnut Laddu,finished,product,200,Auto-staged in Zone PR for retail / vacuum pack,0,0,
GLAD-500G-02,S1270,GLAD,Groundnut Laddu,finished,product,200,Auto-staged in Zone PR for retail / vacuum pack,0,0,
GNDK-100G-01,DH405,GNDK,Gond Katira,finished,product,200,Auto-staged in Zone PR for retail / vacuum pack,1234,0,
GNGP-PLA-50G-01,SM975,GNGP,Ginger Powder,finished,product,200,Auto-staged in Zone PR for retail / vacuum pack,1234,0,
GNMS-100G-03,S1224,GNMS,Groundnut Masala,finished,product,200,Auto-staged in Zone PR for retail / vacuum pack,1234,0,
GNMS-1KG-01,S1300,GNMS,Groundnut Masala,finished,product,200,Auto-staged in Zone PR for retail / vacuum pack,0,0,
GNMS-500G-02,S1269,GNMS,Groundnut Masala,finished,product,200,Auto-staged in Zone PR for retail / vacuum pack,0,0,
GNSD-1KG-01,OS018,GNSD,Groundnut Seed,finished,product,200,Auto-staged in Zone PR for retail / vacuum pack,1234,0,
GNSD-500G-02,OS019,GNSD,Groundnut Seed,finished,product,200,Auto-staged in Zone PR for retail / vacuum pack,1234,0,
GOIL-1L-GL-05,OS042,GOIL,Groundnut Oil,finished,product,200,Auto-staged in Zone PR for retail / vacuum pack,0,0,
GOIL-1L-PL-03,OS021,GOIL,Groundnut Oil,finished,product,200,Auto-staged in Zone PR for retail / vacuum pack,0,0,
GOIL-1L-TN-04,OS065,GOIL,Groundnut Oil,finished,product,200,Auto-staged in Zone PR for retail / vacuum pack,0,0,
GOIL-500ML-GL-07,OS043,GOIL,Groundnut Oil,finished,product,200,Auto-staged in Zone PR for retail / vacuum pack,0,0,
GOIL-500ML-PL-06,OS022,GOIL,Groundnut Oil,finished,product,200,Auto-staged in Zone PR for retail / vacuum pack,0,0,
GOIL-5L-PL-01,OS020,GOIL,Groundnut Oil,finished,product,200,Auto-staged in Zone PR for retail / vacuum pack,0,0,
GOIL-5L-TN-02,OS064,GOIL,Groundnut Oil,finished,product,200,Auto-staged in Zone PR for retail / vacuum pack,0,0,
GPKL-300G-02,SM948,GPKL,Ginger pickle,finished,product,200,Auto-staged in Zone PR for retail / vacuum pack,0,0,
GWP-1KG-01,RC134,GWP,Greengram Whole/ Pesalu,finished,product,200,Auto-staged in Zone PR for retail / vacuum pack,1234,0,
GWP-500G-02,RC135,GWP,Greengram Whole/ Pesalu,finished,product,200,Auto-staged in Zone PR for retail / vacuum pack,0,0,
HCKR-STR-100ML-01,CH258,HCKR,Herbal Cockroach Repellent,finished,product,200,Auto-staged in Zone PR for retail / vacuum pack,0,0,
HDRO-ML-1PC-01,CH268,HDRO,Headache relief oil,finished,product,200,Auto-staged in Zone PR for retail / vacuum pack,0,0,
HGDL-1KG-01,RC140,HGDL,Horsegram dal,finished,product,200,Auto-staged in Zone PR for retail / vacuum pack,0,0,
HGDL-500G-02,RC141,HGDL,Horsegram dal,finished,product,200,Auto-staged in Zone PR for retail / vacuum pack,1234,0,
HGMS-100G-02,S1225,HGMS,Horsegram masala,finished,product,200,Auto-staged in Zone PR for retail / vacuum pack,1234,0,
HGMS-1KG-01,S1301,HGMS,Horsegram masala,finished,product,200,Auto-staged in Zone PR for retail / vacuum pack,0,0,
HGWH-1KG-01,RC138,HGWH,Horsegram whole,finished,product,200,Auto-staged in Zone PR for retail / vacuum pack,1234,0,
HGWH-500G-02,RC139,HGWH,Horsegram whole,finished,product,200,Auto-staged in Zone PR for retail / vacuum pack,0,0,
HHBP-250G-01,CH215,HHBP,Herbal Head Bath Powder,finished,product,200,Auto-staged in Zone PR for retail / vacuum pack,0,0,
HLDW-STR-500ML-01,CH248,HLDW,Herbal Liquid Dish Wash,finished,product,200,Auto-staged in Zone PR for retail / vacuum pack,0,0,
HLZR-STR-100ML-01,CH247,HLZR,Herbal Lizard Repellent Spray,finished,product,200,Auto-staged in Zone PR for retail / vacuum pack,0,0,
HNYF-1KG-01,S1278,HNYF,Forest Honey,finished,product,200,Auto-staged in Zone PR for retail / vacuum pack,0,0,
HNYF-250G-03,S1280,HNYF,Forest Honey,finished,product,200,Auto-staged in Zone PR for retail / vacuum pack,0,0,
HNYF-500G-02,S1279,HNYF,Forest Honey,finished,product,200,Auto-staged in Zone PR for retail / vacuum pack,0,0,
HNYG-1KG-01,S1208,HNYG,Honey (Farm Collection) Glass,finished,product,200,Auto-staged in Zone PR for retail / vacuum pack,0,0,
HNYG-500G-02,S1209,HNYG,Honey (Farm Collection) Glass,finished,product,200,Auto-staged in Zone PR for retail / vacuum pack,0,0,
HNYP-1KG-01,S1206,HNYP,Honey (Farm Collection) Plastic,finished,product,200,Auto-staged in Zone PR for retail / vacuum pack,0,0,
HNYP-500G-02,S1207,HNYP,Honey (Farm Collection) Plastic,finished,product,200,Auto-staged in Zone PR for retail / vacuum pack,0,0,
HNYT-PUT-100G-04,S1284,HNYT,Tree Bark Honey,finished,product,200,Auto-staged in Zone PR for retail / vacuum pack,0,0,
HNYT-PUT-1KG-01,S1281,HNYT,Tree Bark Honey,finished,product,200,Auto-staged in Zone PR for retail / vacuum pack,0,0,
HNYT-PUT-250G-03,S1283,HNYT,Tree Bark Honey,finished,product,200,Auto-staged in Zone PR for retail / vacuum pack,0,0,
HNYT-PUT-500G-02,S1282,HNYT,Tree Bark Honey,finished,product,200,Auto-staged in Zone PR for retail / vacuum pack,0,0,
IAUM-250G-02,SM1016,IAUM,Instant Arika Upma Mix,finished,product,200,Auto-staged in Zone PR for retail / vacuum pack,1234,0,
IAUM-500G-01,SM1017,IAUM,Instant Arika Upma Mix,finished,product,200,Auto-staged in Zone PR for retail / vacuum pack,1234,0,
IDLT-500G-01,ML495,IDLT,Idly Ravva (Little Millet),finished,product,200,Auto-staged in Zone PR for retail / vacuum pack,0,0,
IKUM-250G-02,SM1014,IKUM,Instant Korra Upma Mix,finished,product,200,Auto-staged in Zone PR for retail / vacuum pack,1234,0,
IKUM-500G-01,SM1015,IKUM,Instant Korra Upma Mix,finished,product,200,Auto-staged in Zone PR for retail / vacuum pack,1234,0,
IMPM-1KG-01,ML498,IMPM,Instant Millet Pongal Mix,finished,product,200,Auto-staged in Zone PR for retail / vacuum pack,0,0,
IMPM-250G-03,ML500,IMPM,Instant Millet Pongal Mix,finished,product,200,Auto-staged in Zone PR for retail / vacuum pack,1234,0,
IMPM-500G-02,ML499,IMPM,Instant Millet Pongal Mix,finished,product,200,Auto-staged in Zone PR for retail / vacuum pack,1234,0,
IRJW-1KG-01,ML501,IRJW,Idly Ravva (Jonnalu (white)/ Jowar Millet),finished,product,200,Auto-staged in Zone PR for retail / vacuum pack,0,0,
IRJW-500G-02,ML502,IRJW,Idly Ravva (Jonnalu (white)/ Jowar Millet),finished,product,200,Auto-staged in Zone PR for retail / vacuum pack,0,0,
IRKF-1KG-01,ML503,IRKF,Idly Ravva (Korralu/Foxtail Millet),finished,product,200,Auto-staged in Zone PR for retail / vacuum pack,0,0,
IRKF-500G-02,ML494,IRKF,Idly Ravva (Korralu/Foxtail Millet),finished,product,200,Auto-staged in Zone PR for retail / vacuum pack,1234,0,
IRKM-1KG-01,ML505,IRKM,Idly Ravva (Kodo Millet ),finished,product,200,Auto-staged in Zone PR for retail / vacuum pack,0,0,
IRKM-500G-02,ML504,IRKM,Idly Ravva (Kodo Millet ),finished,product,200,Auto-staged in Zone PR for retail / vacuum pack,0,0,
IRUB-500G-01,ML496,IRUB,Idly Ravva (Udarlu/Barnyard Millet),finished,product,200,Auto-staged in Zone PR for retail / vacuum pack,0,0,
JAGB-1KG-01,DH321,JAGB,jaggery Small Balls,finished,product,200,Auto-staged in Zone PR for retail / vacuum pack,0,0,
JAGB-500G-02,DH322,JAGB,jaggery Small Balls,finished,product,200,Auto-staged in Zone PR for retail / vacuum pack,0,0,
JAGF-1KG-01,DH325,JAGF,jaggery Fine Powder,finished,product,200,Auto-staged in Zone PR for retail / vacuum pack,1234,0,
JAGF-200G-03,DH327,JAGF,jaggery Fine Powder,finished,product,200,Auto-staged in Zone PR for retail / vacuum pack,0,0,
JAGF-500G-02,DH326,JAGF,jaggery Fine Powder,finished,product,200,Auto-staged in Zone PR for retail / vacuum pack,0,0,
JAGP-1KG-01,DH323,JAGP,Jaggery Powder,finished,product,200,Auto-staged in Zone PR for retail / vacuum pack,1234,0,
JAGP-500G-02,DH324,JAGP,Jaggery Powder,finished,product,200,Auto-staged in Zone PR for retail / vacuum pack,0,0,
JAGR-1KG-01,DH319,JAGR,Jaggery,finished,product,200,Auto-staged in Zone PR for retail / vacuum pack,1234,0,
JAGR-500G-02,DH320,JAGR,Jaggery,finished,product,200,Auto-staged in Zone PR for retail / vacuum pack,0,0,
JEER-100G-04,SM926,JEER,Jeera,finished,product,200,Auto-staged in Zone PR for retail / vacuum pack,0,0,
JEER-1KG-01,SM997,JEER,Jeera,finished,product,200,Auto-staged in Zone PR for retail / vacuum pack,0,0,
JEER-250G-03,SM925,JEER,Jeera,finished,product,200,Auto-staged in Zone PR for retail / vacuum pack,0,0,
JEER-500G-02,SM994,JEER,Jeera,finished,product,200,Auto-staged in Zone PR for retail / vacuum pack,0,0,
JERP-100G-01,SM996,JERP,Jeera powder,finished,product,200,Auto-staged in Zone PR for retail / vacuum pack,0,0,
JERP-50G-02,SM991,JERP,Jeera powder,finished,product,200,Auto-staged in Zone PR for retail / vacuum pack,0,0,
JJSP-50G-01,S1213,JJSP,jowar(Jonna ) Spicy Pops,finished,product,200,Auto-staged in Zone PR for retail / vacuum pack,0,0,
JLAD-150G-02,S1210,JLAD,Jonna Laddu,finished,product,200,Auto-staged in Zone PR for retail / vacuum pack,0,0,
JLAD-1KG-01,S1291,JLAD,Jonna Laddu,finished,product,200,Auto-staged in Zone PR for retail / vacuum pack,0,0,
JMRK-100G-03,S1211,JMRK,Jonna Muruku,finished,product,200,Auto-staged in Zone PR for retail / vacuum pack,0,0,
JMRK-1KG-01,S1292,JMRK,Jonna Muruku,finished,product,200,Auto-staged in Zone PR for retail / vacuum pack,0,0,
JMRK-500G-02,S1261,JMRK,Jonna Muruku,finished,product,200,Auto-staged in Zone PR for retail / vacuum pack,0,0,
JMRL-PUS-100G-03,S1248,JMRL,Jonna Murukulu,finished,product,200,Auto-staged in Zone PR for retail / vacuum pack,0,0,
JMRL-PUS-1KG-01,S1310,JMRL,Jonna Murukulu,finished,product,200,Auto-staged in Zone PR for retail / vacuum pack,0,0,
JMRL-PUS-500G-02,S1275,JMRL,Jonna Murukulu,finished,product,200,Auto-staged in Zone PR for retail / vacuum pack,0,0,
JNPT-100G-03,S1212,JNPT,Jonna Nippatta,finished,product,200,Auto-staged in Zone PR for retail / vacuum pack,0,0,
JNPT-1KG-01,S1293,JNPT,Jonna Nippatta,finished,product,200,Auto-staged in Zone PR for retail / vacuum pack,0,0,
JNPT-500G-02,S1262,JNPT,Jonna Nippatta,finished,product,200,Auto-staged in Zone PR for retail / vacuum pack,0,0,
JPTR-25G-01,SM979,JPTR,Japatri,finished,product,200,Auto-staged in Zone PR for retail / vacuum pack,0,0,
JRTI-JON-3PC-01,S1233,JRTI,Jowar rotti,finished,product,200,Auto-staged in Zone PR for retail / vacuum pack,0,0,
JWHF-1KG-01,ML417,JWHF,Jowar (White) Flour,finished,product,200,Auto-staged in Zone PR for retail / vacuum pack,1234,0,
JWHR-1KG-01,ML415,JWHR,Jowar (White) Ravva,finished,product,200,Auto-staged in Zone PR for retail / vacuum pack,1234,0,
JWJF-500G-01,ML418,JWJF,Jonnalu (white)/ Jowar Flour,finished,product,200,Auto-staged in Zone PR for retail / vacuum pack,1234,0,
JWJR-500G-01,ML416,JWJR,Jonnalu (white)/ Jowar Ravva,finished,product,200,Auto-staged in Zone PR for retail / vacuum pack,0,0,
JWPH-1KG-01,ML492,JWPH,Jowar Poha,finished,product,200,Auto-staged in Zone PR for retail / vacuum pack,0,0,
JWPH-250G-03,ML497,JWPH,Jowar Poha,finished,product,200,Auto-staged in Zone PR for retail / vacuum pack,0,0,
JWPH-500G-02,ML493,JWPH,Jowar Poha,finished,product,200,Auto-staged in Zone PR for retail / vacuum pack,0,0,
JWWH-1KG-01,ML413,JWWH,Jowar (White),finished,product,200,Auto-staged in Zone PR for retail / vacuum pack,1234,0,
JWWH-500G-02,ML414,JWWH,Jowar (White),finished,product,200,Auto-staged in Zone PR for retail / vacuum pack,1234,0,
JWYF-1KG-01,ML439,JWYF,Jowar (Yellow) Flour,finished,product,200,Auto-staged in Zone PR for retail / vacuum pack,1234,0,
JWYF-500G-02,ML440,JWYF,Jowar (Yellow) Flour,finished,product,200,Auto-staged in Zone PR for retail / vacuum pack,0,0,
JWYL-1KG-01,ML435,JWYL,Jowar (Yellow),finished,product,200,Auto-staged in Zone PR for retail / vacuum pack,1234,0,
JWYL-500G-02,ML436,JWYL,Jowar (Yellow),finished,product,200,Auto-staged in Zone PR for retail / vacuum pack,1234,0,
JWYR-1KG-01,ML437,JWYR,Jowar (Yellow) Ravva,finished,product,200,Auto-staged in Zone PR for retail / vacuum pack,0,0,
JWYR-500G-02,ML438,JWYR,Jowar (Yellow) Ravva,finished,product,200,Auto-staged in Zone PR for retail / vacuum pack,0,0,
KDMF-1KG-01,ML411,KDMF,Kodo Millet Flour,finished,product,200,Auto-staged in Zone PR for retail / vacuum pack,1234,0,
KDMF-500G-02,ML412,KDMF,Kodo Millet Flour,finished,product,200,Auto-staged in Zone PR for retail / vacuum pack,0,0,
KDMP-1KG-01,ML483,KDMP,Kodo Millet Poha,finished,product,200,Auto-staged in Zone PR for retail / vacuum pack,0,0,
KDMP-250G-03,ML485,KDMP,Kodo Millet Poha,finished,product,200,Auto-staged in Zone PR for retail / vacuum pack,0,0,
KDMP-500G-02,ML484,KDMP,Kodo Millet Poha,finished,product,200,Auto-staged in Zone PR for retail / vacuum pack,0,0,
KDMR-1KG-01,ML409,KDMR,Kodo Millet Ravva,finished,product,200,Auto-staged in Zone PR for retail / vacuum pack,1234,0,
KDMR-500G-02,ML410,KDMR,Kodo Millet Ravva,finished,product,200,Auto-staged in Zone PR for retail / vacuum pack,0,0,
KDMT-1KG-01,ML407,KDMT,Kodo Millet,finished,product,200,Auto-staged in Zone PR for retail / vacuum pack,1234,0,
KDMT-500G-02,ML408,KDMT,Kodo Millet,finished,product,200,Auto-staged in Zone PR for retail / vacuum pack,0,0,
KKKR-100G-01,SM968,KKKR,Kakarkaya karam,finished,product,200,Auto-staged in Zone PR for retail / vacuum pack,1234,0,
KLNJ-100G-01,DH347,KLNJ,Kalonji seeds,finished,product,200,Auto-staged in Zone PR for retail / vacuum pack,1234,0,
KNDP-100G-01,SM927,KNDP,Kandi Powder,finished,product,200,Auto-staged in Zone PR for retail / vacuum pack,1234,0,
KRPD-200G-01,SM974,KRPD,Korra Papad,finished,product,200,Auto-staged in Zone PR for retail / vacuum pack,0,0,
KSGR-1KG-01,S1256,KSGR,Khandsari sugar,finished,product,200,Auto-staged in Zone PR for retail / vacuum pack,0,0,
KSGR-500G-02,S1257,KSGR,Khandsari sugar,finished,product,200,Auto-staged in Zone PR for retail / vacuum pack,0,0,
KSME-GM-50G-01,SM981,KSME,Kasuri Methi,finished,product,200,Auto-staged in Zone PR for retail / vacuum pack,2468,0,
KTCC-STR-500ML-01,CH250,KTCC,Kitchen Cleaner Spray,finished,product,200,Auto-staged in Zone PR for retail / vacuum pack,0,0,
KTRM-100G-04,SM1013,KTRM,Kasturi Turmeric,finished,product,200,Auto-staged in Zone PR for retail / vacuum pack,0,0,
KTRM-1KG-01,SM1010,KTRM,Kasturi Turmeric,finished,product,200,Auto-staged in Zone PR for retail / vacuum pack,0,0,
KTRM-250G-03,SM1012,KTRM,Kasturi Turmeric,finished,product,200,Auto-staged in Zone PR for retail / vacuum pack,0,0,
KTRM-500G-02,SM1011,KTRM,Kasturi Turmeric,finished,product,200,Auto-staged in Zone PR for retail / vacuum pack,0,0,
KWDP-IMO-1KG-01,CH261,KWDP,kitchen waste digester powder,finished,product,200,Auto-staged in Zone PR for retail / vacuum pack,0,0,
KWDT-1NO-01,CH260,KWDT,kitchen waste digester tin,finished,product,200,Auto-staged in Zone PR for retail / vacuum pack,0,0,
LEJG-PAA-250G-01,DH350,LEJG,Liquid Eetha Jaggery,finished,product,200,Auto-staged in Zone PR for retail / vacuum pack,0,0,
LGOL-100ML-01,CH228,LGOL,Lemon Grass Oil,finished,product,200,Auto-staged in Zone PR for retail / vacuum pack,0,0,
LGOL-25ML-03,CH230,LGOL,Lemon Grass Oil,finished,product,200,Auto-staged in Zone PR for retail / vacuum pack,0,0,
LGOL-50ML-02,CH229,LGOL,Lemon Grass Oil,finished,product,200,Auto-staged in Zone PR for retail / vacuum pack,0,0,
LPKL-300G-02,SM956,LPKL,Lemon Pickle,finished,product,200,Auto-staged in Zone PR for retail / vacuum pack,0,0,
LTMF-1KG-01,ML458,LTMF,Little Millet Flour,finished,product,200,Auto-staged in Zone PR for retail / vacuum pack,1234,0,
LTMF-500G-02,ML459,LTMF,Little Millet Flour,finished,product,200,Auto-staged in Zone PR for retail / vacuum pack,0,0,
LTMP-1KG-01,ML477,LTMP,Little Millet Poha,finished,product,200,Auto-staged in Zone PR for retail / vacuum pack,0,0,
LTMP-250G-03,ML479,LTMP,Little Millet Poha,finished,product,200,Auto-staged in Zone PR for retail / vacuum pack,1234,0,
LTMP-500G-02,ML478,LTMP,Little Millet Poha,finished,product,200,Auto-staged in Zone PR for retail / vacuum pack,0,0,
LTMR-1KG-01,ML456,LTMR,Little Millet Ravva,finished,product,200,Auto-staged in Zone PR for retail / vacuum pack,1234,0,
LTMR-500G-02,ML457,LTMR,Little Millet Ravva,finished,product,200,Auto-staged in Zone PR for retail / vacuum pack,0,0,
LTMT-1KG-01,ML454,LTMT,Little Millet,finished,product,200,Auto-staged in Zone PR for retail / vacuum pack,0,0,
LTMT-500G-02,ML455,LTMT,Little Millet,finished,product,200,Auto-staged in Zone PR for retail / vacuum pack,0,0,
MBRG-100G-02,S1228,MBRG,Masala Borugulu,finished,product,200,Auto-staged in Zone PR for retail / vacuum pack,0,0,
MBRG-1KG-01,S1303,MBRG,Masala Borugulu,finished,product,200,Auto-staged in Zone PR for retail / vacuum pack,0,0,
MBRG-50G-03,S1239,MBRG,Masala Borugulu,finished,product,200,Auto-staged in Zone PR for retail / vacuum pack,0,0,
MGAT-1KG-01,RC142,MGAT,Multi grain Atta,finished,product,200,Auto-staged in Zone PR for retail / vacuum pack,1234,0,
MGMF-250G-02,ML434,MGMF,Multigrain Malt Flour,finished,product,200,Auto-staged in Zone PR for retail / vacuum pack,1234,0,
MGMF-500G-01,ML433,MGMF,Multigrain Malt Flour,finished,product,200,Auto-staged in Zone PR for retail / vacuum pack,2468,0,
MGPK-300G-02,SM964,MGPK,Mango Pickle,finished,product,200,Auto-staged in Zone PR for retail / vacuum pack,0,0,
MGPP-PLA-100G-02,SM976,MGPP,Mango Powder,finished,product,200,Auto-staged in Zone PR for retail / vacuum pack,1234,0,
MGPP-PLA-500G-01,SM1019,MGPP,Mango Powder,finished,product,200,Auto-staged in Zone PR for retail / vacuum pack,0,0,
MGPW-100G-01,SM945,MGPW,Moringa Powder (Plain),finished,product,200,Auto-staged in Zone PR for retail / vacuum pack,1234,0,
MGSP-100G-01,SM946,MGSP,Moringa Powder spicy,finished,product,200,Auto-staged in Zone PR for retail / vacuum pack,1234,0,
MLAD-100G-02,S1238,MLAD,Millet Laddu,finished,product,200,Auto-staged in Zone PR for retail / vacuum pack,0,0,
MLAD-250G-01,S1214,MLAD,Millet Laddu,finished,product,200,Auto-staged in Zone PR for retail / vacuum pack,0,0,
MLIM-250G-02,S1216,MLIM,Millet Laddu Instant Mix,finished,product,200,Auto-staged in Zone PR for retail / vacuum pack,0,0,
MLIM-500G-01,S1215,MLIM,Millet Laddu Instant Mix,finished,product,200,Auto-staged in Zone PR for retail / vacuum pack,0,0,
MMDM-500G-01,ML431,MMDM,Multi Millet Dosa Mix,finished,product,200,Auto-staged in Zone PR for retail / vacuum pack,0,0,
MMFL-1KG-01,ML429,MMFL,Multi Millets Flour,finished,product,200,Auto-staged in Zone PR for retail / vacuum pack,0,0,
MMFL-500G-02,ML430,MMFL,Multi Millets Flour,finished,product,200,Auto-staged in Zone PR for retail / vacuum pack,1234,0,
MMFP-100G-01,CH259,MMFP,Multani Mitti Face Pack,finished,product,200,Auto-staged in Zone PR for retail / vacuum pack,1234,0,
MMIM-500G-01,ML432,MMIM,Multi Millet Idly Mix,finished,product,200,Auto-staged in Zone PR for retail / vacuum pack,1234,0,
MMLD-250G-01,S1245,MMLD,Multi Millet Laddu,finished,product,200,Auto-staged in Zone PR for retail / vacuum pack,0,0,
MMLT-1KG-01,ML425,MMLT,Multi Millet,finished,product,200,Auto-staged in Zone PR for retail / vacuum pack,0,0,
MMLT-500G-02,ML426,MMLT,Multi Millet,finished,product,200,Auto-staged in Zone PR for retail / vacuum pack,0,0,
MMPD-200G-01,SM972,MMPD,Millet Mix Papad,finished,product,200,Auto-staged in Zone PR for retail / vacuum pack,0,0,
MMPS-100G-01,CH217,MMPS,Multani Mitti & Palapak soap,finished,product,200,Auto-staged in Zone PR for retail / vacuum pack,0,0,
MMRK-100G-03,S1217,MMRK,Millet Muruku,finished,product,200,Auto-staged in Zone PR for retail / vacuum pack,0,0,
MMRK-1KG-01,S1294,MMRK,Millet Muruku,finished,product,200,Auto-staged in Zone PR for retail / vacuum pack,0,0,
MMRK-500G-02,S1263,MMRK,Millet Muruku,finished,product,200,Auto-staged in Zone PR for retail / vacuum pack,0,0,
MMRV-1KG-01,ML427,MMRV,Multi Millet Ravva,finished,product,200,Auto-staged in Zone PR for retail / vacuum pack,0,0,
MMRV-500G-02,ML428,MMRV,Multi Millet Ravva,finished,product,200,Auto-staged in Zone PR for retail / vacuum pack,0,0,
MNLD-SUN-100G-04,S1236,MNLD,Minapa Laddu,finished,product,200,Auto-staged in Zone PR for retail / vacuum pack,0,0,
MNLD-SUN-1KG-01,S1305,MNLD,Minapa Laddu,finished,product,200,Auto-staged in Zone PR for retail / vacuum pack,0,0,
MNLD-SUN-200G-03,S1231,MNLD,Minapa Laddu,finished,product,200,Auto-staged in Zone PR for retail / vacuum pack,0,0,
MNLD-SUN-500G-02,S1315,MNLD,Minapa Laddu,finished,product,200,Auto-staged in Zone PR for retail / vacuum pack,0,0,
MNPT-100G-01,S1314,MNPT,Millet Nippattu,finished,product,200,Auto-staged in Zone PR for retail / vacuum pack,1234,0,
MNTI-MET-100G-02,SM929,MNTI,Menthi,finished,product,200,Auto-staged in Zone PR for retail / vacuum pack,0,0,
MNTI-MET-250G-01,SM928,MNTI,Menthi,finished,product,200,Auto-staged in Zone PR for retail / vacuum pack,0,0,
MRLQ-40ML-01,CH227,MRLQ,Mosrelief Liquid,finished,product,200,Auto-staged in Zone PR for retail / vacuum pack,0,0,
MROL-CIT-10ML-02,CH266,MROL,Mosquito Repellent Oil,finished,product,200,Auto-staged in Zone PR for retail / vacuum pack,0,0,
MROL-CIT-15ML-01,CH216,MROL,Mosquito Repellent Oil,finished,product,200,Auto-staged in Zone PR for retail / vacuum pack,0,0,
MSPD-200G-01,SM973,MSPD,Masala papad,finished,product,200,Auto-staged in Zone PR for retail / vacuum pack,0,0,
MSPW-100G-01,SM1009,MSPW,Mango Seed Powder,finished,product,200,Auto-staged in Zone PR for retail / vacuum pack,1234,0,
MSTD-AVA-100G-03,SM931,MSTD,Mustard,finished,product,200,Auto-staged in Zone PR for retail / vacuum pack,0,0,
MSTD-AVA-250G-02,SM930,MSTD,Mustard,finished,product,200,Auto-staged in Zone PR for retail / vacuum pack,0,0,
MSTD-AVA-500G-01,SM1018,MSTD,Mustard,finished,product,200,Auto-staged in Zone PR for retail / vacuum pack,0,0,
MUOL-1L-GL-03,OS058,MUOL,Mustard Oil,finished,product,200,Auto-staged in Zone PR for retail / vacuum pack,0,0,
MUOL-1L-PL-01,OS050,MUOL,Mustard Oil,finished,product,200,Auto-staged in Zone PR for retail / vacuum pack,0,0,
MUOL-1L-TN-02,OS072,MUOL,Mustard Oil,finished,product,200,Auto-staged in Zone PR for retail / vacuum pack,0,0,
MUOL-500ML-GL-05,OS059,MUOL,Mustard Oil,finished,product,200,Auto-staged in Zone PR for retail / vacuum pack,0,0,
MUOL-500ML-PL-04,OS051,MUOL,Mustard Oil,finished,product,200,Auto-staged in Zone PR for retail / vacuum pack,0,0,
NCMP-PAC-20G-01,DH355,NCMP,Natural Camphor,finished,product,200,Auto-staged in Zone PR for retail / vacuum pack,0,0,
NDWP-500G-01,CH233,NDWP,Natural Dish Wash Powder,finished,product,200,Auto-staged in Zone PR for retail / vacuum pack,0,0,
NFAB-STR-500ML-01,CH249,NFAB,Natural Fabric Wash,finished,product,200,Auto-staged in Zone PR for retail / vacuum pack,0,0,
NGOL-1L-GL-05,OS046,NGOL,Niger Seed Oil,finished,product,200,Auto-staged in Zone PR for retail / vacuum pack,0,0,
NGOL-1L-PL-03,OS032,NGOL,Niger Seed Oil,finished,product,200,Auto-staged in Zone PR for retail / vacuum pack,0,0,
NGOL-1L-TN-04,OS068,NGOL,Niger Seed Oil,finished,product,200,Auto-staged in Zone PR for retail / vacuum pack,0,0,
NGOL-200ML-GL-09,OS034,NGOL,Niger Seed Oil,finished,product,200,Auto-staged in Zone PR for retail / vacuum pack,0,0,
NGOL-250ML-PL-08,OS056,NGOL,Niger Seed Oil,finished,product,200,Auto-staged in Zone PR for retail / vacuum pack,0,0,
NGOL-500ML-GL-07,OS047,NGOL,Niger Seed Oil,finished,product,200,Auto-staged in Zone PR for retail / vacuum pack,0,0,
NGOL-500ML-PL-06,OS033,NGOL,Niger Seed Oil,finished,product,200,Auto-staged in Zone PR for retail / vacuum pack,0,0,
NGOL-5L-PL-01,OS035,NGOL,Niger Seed Oil,finished,product,200,Auto-staged in Zone PR for retail / vacuum pack,0,0,
NGOL-5L-TN-02,OS069,NGOL,Niger Seed Oil,finished,product,200,Auto-staged in Zone PR for retail / vacuum pack,0,0,
NGSD-1KG-01,OS029,NGSD,Niger Seed,finished,product,200,Auto-staged in Zone PR for retail / vacuum pack,0,0,
NGSD-250G-03,OS031,NGSD,Niger Seed,finished,product,200,Auto-staged in Zone PR for retail / vacuum pack,0,0,
NGSD-500G-02,OS030,NGSD,Niger Seed,finished,product,200,Auto-staged in Zone PR for retail / vacuum pack,0,0,
NHDY-100G-03,CH271,NHDY,Natural Hair Dye,finished,product,200,Auto-staged in Zone PR for retail / vacuum pack,0,0,
NHDY-1KG-01,CH269,NHDY,Natural Hair Dye,finished,product,200,Auto-staged in Zone PR for retail / vacuum pack,0,0,
NHDY-25G-05,CH273,NHDY,Natural Hair Dye,finished,product,200,Auto-staged in Zone PR for retail / vacuum pack,0,0,
NHDY-500G-02,CH270,NHDY,Natural Hair Dye,finished,product,200,Auto-staged in Zone PR for retail / vacuum pack,0,0,
NHDY-50G-04,CH272,NHDY,Natural Hair Dye,finished,product,200,Auto-staged in Zone PR for retail / vacuum pack,0,0,
NHNP-250G-02,CH254,NHNP,Natural Henna Powder,finished,product,200,Auto-staged in Zone PR for retail / vacuum pack,0,0,
NHNP-500G-01,CH253,NHNP,Natural Henna Powder,finished,product,200,Auto-staged in Zone PR for retail / vacuum pack,0,0,
NLAD-GIN-100G-06,S1237,NLAD,Nuvvula Laddu,finished,product,200,Auto-staged in Zone PR for retail / vacuum pack,0,0,
NLAD-GIN-1KG-01,S1295,NLAD,Nuvvula Laddu,finished,product,200,Auto-staged in Zone PR for retail / vacuum pack,0,0,
NLAD-GIN-200G-04,S1218,NLAD,Nuvvula Laddu,finished,product,200,Auto-staged in Zone PR for retail / vacuum pack,1234,0,
NLAD-GIN-200G-05,S1220,NLAD,Nuvvula Laddu,finished,product,200,Auto-staged in Zone PR for retail / vacuum pack,0,0,
NLAD-GIN-500G-02,S1219,NLAD,Nuvvula Laddu,finished,product,200,Auto-staged in Zone PR for retail / vacuum pack,0,0,
NLAD-GIN-500G-03,S1264,NLAD,Nuvvula Laddu,finished,product,200,Auto-staged in Zone PR for retail / vacuum pack,0,0,
NLKR-GUN-100G-01,SM967,NLKR,Nalla Karam,finished,product,200,Auto-staged in Zone PR for retail / vacuum pack,1234,0,
NLVS-100G-01,DH343,NLVS,Neem Leaves Powder,finished,product,200,Auto-staged in Zone PR for retail / vacuum pack,1234,0,
NNRD-750ML-01,DH329,NNRD,Nannari Drink,finished,product,200,Auto-staged in Zone PR for retail / vacuum pack,0,0,
NSGR-1KG-01,S1230,NSGR,Natural Sugar,finished,product,200,Auto-staged in Zone PR for retail / vacuum pack,0,0,
NVKR-100G-01,SM971,NVKR,Nuvvulu karam,finished,product,200,Auto-staged in Zone PR for retail / vacuum pack,1234,0,
NVRC-1KG-01,RC165,NVRC,Navara Rice,finished,product,200,Auto-staged in Zone PR for retail / vacuum pack,1234,0,
ODTS-100G-02,SM988,ODTS,Organic Dried Tomato Slices,finished,product,200,Auto-staged in Zone PR for retail / vacuum pack,0,0,
ODTS-200G-01,SM987,ODTS,Organic Dried Tomato Slices,finished,product,200,Auto-staged in Zone PR for retail / vacuum pack,0,0,
PHNL-ARO-1L-01,CH221,PHNL,Phenyl,finished,product,200,Auto-staged in Zone PR for retail / vacuum pack,0,0,
PHPW-GMS-100G-02,SM986,PHPW,Pulihora mix powder,finished,product,200,Auto-staged in Zone PR for retail / vacuum pack,1234,0,
PHPW-GMS-200G-01,SM985,PHPW,Pulihora mix powder,finished,product,200,Auto-staged in Zone PR for retail / vacuum pack,0,0,
PHRO-100ML-01,CH239,PHRO,Panchagavya Hair oil,finished,product,200,Auto-staged in Zone PR for retail / vacuum pack,0,0,
PJAC-250G-02,DH335,PJAC,Palm Jaggery (Small Cubes),finished,product,200,Auto-staged in Zone PR for retail / vacuum pack,1234,0,
PJAC-500G-01,DH334,PJAC,Palm Jaggery (Small Cubes),finished,product,200,Auto-staged in Zone PR for retail / vacuum pack,1234,0,
PJAG-1KG-01,DH331,PJAG,Palm Jaggery,finished,product,200,Auto-staged in Zone PR for retail / vacuum pack,1234,0,
PJAG-200G-03,DH333,PJAG,Palm Jaggery,finished,product,200,Auto-staged in Zone PR for retail / vacuum pack,2468,0,
PJAG-500G-02,DH332,PJAG,Palm Jaggery,finished,product,200,Auto-staged in Zone PR for retail / vacuum pack,0,0,
PMPS-100G-04,DH412,PMPS,Pumpkin Seed,finished,product,200,Auto-staged in Zone PR for retail / vacuum pack,2468,0,
PMPS-1KG-01,DH415,PMPS,Pumpkin Seed,finished,product,200,Auto-staged in Zone PR for retail / vacuum pack,0,0,
PMPS-250G-03,DH413,PMPS,Pumpkin Seed,finished,product,200,Auto-staged in Zone PR for retail / vacuum pack,0,0,
PMPS-500G-02,DH414,PMPS,Pumpkin Seed,finished,product,200,Auto-staged in Zone PR for retail / vacuum pack,0,0,
PPPD-IDL-100G-01,SM966,PPPD,Pappulapodi,finished,product,200,Auto-staged in Zone PR for retail / vacuum pack,1234,0,
PPPR-MIR-100G-02,SM932,PPPR,Pepper,finished,product,200,Auto-staged in Zone PR for retail / vacuum pack,0,0,
PPPR-MIR-1KG-01,SM995,PPPR,Pepper,finished,product,200,Auto-staged in Zone PR for retail / vacuum pack,0,0,
PPPR-MIR-50G-03,SM933,PPPR,Pepper,finished,product,200,Auto-staged in Zone PR for retail / vacuum pack,0,0,
PRLO-PAL-100ML-01,CH218,PRLO,Pain Relief Oil,finished,product,200,Auto-staged in Zone PR for retail / vacuum pack,0,0,
PRLO-PAL-25ML-03,CH220,PRLO,Pain Relief Oil,finished,product,200,Auto-staged in Zone PR for retail / vacuum pack,0,0,
PRLO-PAL-50ML-02,CH219,PRLO,Pain Relief Oil,finished,product,200,Auto-staged in Zone PR for retail / vacuum pack,0,0,
PSGR-250G-02,DH346,PSGR,Palm Sugar,finished,product,200,Auto-staged in Zone PR for retail / vacuum pack,1234,0,
PSGR-500G-01,DH345,PSGR,Palm Sugar,finished,product,200,Auto-staged in Zone PR for retail / vacuum pack,1234,0,
PSLD-100G-03,S1286,PSLD,Pesara Laddu,finished,product,200,Auto-staged in Zone PR for retail / vacuum pack,0,0,
PSLD-1KG-01,S1313,PSLD,Pesara Laddu,finished,product,200,Auto-staged in Zone PR for retail / vacuum pack,0,0,
PSLD-200G-02,S1285,PSLD,Pesara Laddu,finished,product,200,Auto-staged in Zone PR for retail / vacuum pack,1234,0,
PSMF-1KG-01,ML470,PSMF,Proso Millet Flour,finished,product,200,Auto-staged in Zone PR for retail / vacuum pack,0,0,
PSMF-500G-02,ML471,PSMF,Proso Millet Flour,finished,product,200,Auto-staged in Zone PR for retail / vacuum pack,0,0,
PSMR-1KG-01,ML468,PSMR,Proso Millet Ravva,finished,product,200,Auto-staged in Zone PR for retail / vacuum pack,0,0,
PSMR-500G-02,ML469,PSMR,Proso Millet Ravva,finished,product,200,Auto-staged in Zone PR for retail / vacuum pack,0,0,
PSMT-1KG-01,ML466,PSMT,Proso Millet,finished,product,200,Auto-staged in Zone PR for retail / vacuum pack,1234,0,
PSMT-500G-02,ML467,PSMT,Proso Millet,finished,product,200,Auto-staged in Zone PR for retail / vacuum pack,0,0,
PTNL-KAR-100G-02,S1229,PTNL,Patnalu,finished,product,200,Auto-staged in Zone PR for retail / vacuum pack,1234,0,
PTNL-KAR-1KG-01,S1304,PTNL,Patnalu,finished,product,200,Auto-staged in Zone PR for retail / vacuum pack,0,0,
RAGF-1KG-01,ML445,RAGF,Finger Millet Flour,finished,product,200,Auto-staged in Zone PR for retail / vacuum pack,1234,0,
RAGF-500G-02,ML446,RAGF,Finger Millet Flour,finished,product,200,Auto-staged in Zone PR for retail / vacuum pack,1234,0,
RAGI-1KG-01,ML441,RAGI,Finger Millet,finished,product,200,Auto-staged in Zone PR for retail / vacuum pack,1234,0,
RAGI-500G-02,ML442,RAGI,Finger Millet,finished,product,200,Auto-staged in Zone PR for retail / vacuum pack,0,0,
RAGP-1KG-01,ML486,RAGP,Finger Millet Poha,finished,product,200,Auto-staged in Zone PR for retail / vacuum pack,0,0,
RAGP-250G-03,ML488,RAGP,Finger Millet Poha,finished,product,200,Auto-staged in Zone PR for retail / vacuum pack,0,0,
RAGP-500G-02,ML487,RAGP,Finger Millet Poha,finished,product,200,Auto-staged in Zone PR for retail / vacuum pack,0,0,
RAGR-1KG-01,ML443,RAGR,Finger Millet Ravva,finished,product,200,Auto-staged in Zone PR for retail / vacuum pack,0,0,
RAGR-500G-02,ML444,RAGR,Finger Millet Ravva,finished,product,200,Auto-staged in Zone PR for retail / vacuum pack,1234,0,
RCPD-200G-01,SM970,RCPD,Rice papad,finished,product,200,Auto-staged in Zone PR for retail / vacuum pack,0,0,
RCPK-300G-02,SM962,RCPK,Red Chilli Pickle,finished,product,200,Auto-staged in Zone PR for retail / vacuum pack,0,0,
RCSC-1KG-01,SM936,RCSC,Rock Salt (crystal),finished,product,200,Auto-staged in Zone PR for retail / vacuum pack,0,0,
RCSC-1KG-02,SM1004,RCSC,Rock Salt (crystal),finished,product,200,Auto-staged in Zone PR for retail / vacuum pack,1234,0,
RCSL-1KG-01,SM935,RCSL,Rock Salt,finished,product,200,Auto-staged in Zone PR for retail / vacuum pack,0,0,
RCWP-ALA-1KG-01,RC180,RCWP,Red CowPea,finished,product,200,Auto-staged in Zone PR for retail / vacuum pack,1234,0,
RCWP-ALA-250G-03,RC182,RCWP,Red CowPea,finished,product,200,Auto-staged in Zone PR for retail / vacuum pack,2468,0,
RCWP-ALA-500G-02,RC181,RCWP,Red CowPea,finished,product,200,Auto-staged in Zone PR for retail / vacuum pack,0,0,
RFLW-WHI-1KG-01,RC152,RFLW,Rice Flour,finished,product,200,Auto-staged in Zone PR for retail / vacuum pack,0,0,
RFLW-WHI-500G-02,RC153,RFLW,Rice Flour,finished,product,200,Auto-staged in Zone PR for retail / vacuum pack,1234,0,
RGDL-KAN-1KG-01,RC154,RGDL,Redgram stone crushed,finished,product,200,Auto-staged in Zone PR for retail / vacuum pack,0,0,
RGDL-KAN-500G-02,RC155,RGDL,Redgram stone crushed,finished,product,200,Auto-staged in Zone PR for retail / vacuum pack,1234,0,
RGMR-100G-01,S1287,RGMR,Ragi Muruku,finished,product,200,Auto-staged in Zone PR for retail / vacuum pack,1234,0,
RGPD-200G-01,SM969,RGPD,Ragi papad,finished,product,200,Auto-staged in Zone PR for retail / vacuum pack,0,0,
RGVR-SEM-180G-01,ML447,RGVR,Ragi Vermicelly,finished,product,200,Auto-staged in Zone PR for retail / vacuum pack,0,0,
RJMA-250G-02,RC144,RJMA,Rajma beans,finished,product,200,Auto-staged in Zone PR for retail / vacuum pack,1234,0,
RJMA-500G-01,RC143,RJMA,Rajma beans,finished,product,200,Auto-staged in Zone PR for retail / vacuum pack,0,0,
RJRC-1KG-01,RC166,RJRC,Rajamudi Rice,finished,product,200,Auto-staged in Zone PR for retail / vacuum pack,1234,0,
RMRK-100G-03,S1255,RMRK,Rice Muruku,finished,product,200,Auto-staged in Zone PR for retail / vacuum pack,0,0,
RMRK-1KG-01,S1297,RMRK,Rice Muruku,finished,product,200,Auto-staged in Zone PR for retail / vacuum pack,0,0,
RMRK-500G-02,S1266,RMRK,Rice Muruku,finished,product,200,Auto-staged in Zone PR for retail / vacuum pack,0,0,
RNPT-100G-03,S1221,RNPT,Rice Nippattu,finished,product,200,Auto-staged in Zone PR for retail / vacuum pack,0,0,
RNPT-1KG-01,S1296,RNPT,Rice Nippattu,finished,product,200,Auto-staged in Zone PR for retail / vacuum pack,0,0,
RNPT-500G-02,S1265,RNPT,Rice Nippattu,finished,product,200,Auto-staged in Zone PR for retail / vacuum pack,0,0,
RRAR-1KG-01,S1307,RRAR,Red Rice Ariselu,finished,product,200,Auto-staged in Zone PR for retail / vacuum pack,0,0,
RRAR-200G-03,S1242,RRAR,Red Rice Ariselu,finished,product,200,Auto-staged in Zone PR for retail / vacuum pack,0,0,
RRAR-500G-02,S1272,RRAR,Red Rice Ariselu,finished,product,200,Auto-staged in Zone PR for retail / vacuum pack,0,0,
RRFL-1KG-01,RC178,RRFL,Red Rice Flour,finished,product,200,Auto-staged in Zone PR for retail / vacuum pack,0,0,
RRFL-500G-02,RC179,RRFL,Red Rice Flour,finished,product,200,Auto-staged in Zone PR for retail / vacuum pack,1234,0,
RRPH-ATU-1KG-01,RC201,RRPH,Red Rice Poha,finished,product,200,Auto-staged in Zone PR for retail / vacuum pack,0,0,
RRPH-ATU-250G-03,RC147,RRPH,Red Rice Poha,finished,product,200,Auto-staged in Zone PR for retail / vacuum pack,1234,0,
RRPH-ATU-500G-02,RC146,RRPH,Red Rice Poha,finished,product,200,Auto-staged in Zone PR for retail / vacuum pack,1234,0,
RRRV-1KG-01,RC148,RRRV,Red Rice Ravva,finished,product,200,Auto-staged in Zone PR for retail / vacuum pack,1234,0,
RRRV-500G-02,RC149,RRRV,Red Rice Ravva,finished,product,200,Auto-staged in Zone PR for retail / vacuum pack,0,0,
RRUP-1KG-01,RC145,RRUP,Red Rice (Unpolished),finished,product,200,Auto-staged in Zone PR for retail / vacuum pack,1234,0,
RRVW-WHI-1KG-01,RC150,RRVW,Rice Ravva,finished,product,200,Auto-staged in Zone PR for retail / vacuum pack,0,0,
RRVW-WHI-500G-02,RC151,RRVW,Rice Ravva,finished,product,200,Auto-staged in Zone PR for retail / vacuum pack,0,0,
RSPW-100G-01,SM934,RSPW,Rasam Powder,finished,product,200,Auto-staged in Zone PR for retail / vacuum pack,1234,0,
RTRP-FOR-1PC-01,CH231,RTRP,Rat Trap,finished,product,200,Auto-staged in Zone PR for retail / vacuum pack,0,0,
SAFR-KES-1GM-01,DH353,SAFR,Saffron,finished,product,200,Auto-staged in Zone PR for retail / vacuum pack,0,0,
SBJA-100G-01,DH340,SBJA,Sabja Seeds,finished,product,200,Auto-staged in Zone PR for retail / vacuum pack,1234,0,
SBPW-200G-01,SM937,SBPW,Sambar Powder,finished,product,200,Auto-staged in Zone PR for retail / vacuum pack,1234,0,
SBWF-1KG-01,RC172,SBWF,Sambhava wheat flour,finished,product,200,Auto-staged in Zone PR for retail / vacuum pack,0,0,
SBWR-1KG-01,RC206,SBWR,Sambhava wheat rawa,finished,product,200,Auto-staged in Zone PR for retail / vacuum pack,0,0,
SBWR-500G-02,RC173,SBWR,Sambhava wheat rawa,finished,product,200,Auto-staged in Zone PR for retail / vacuum pack,1234,0,
SBWT-1KG-01,RC171,SBWT,Sambhava wheat,finished,product,200,Auto-staged in Zone PR for retail / vacuum pack,1234,0,
SBWT-500G-02,RC207,SBWT,Sambhava wheat,finished,product,200,Auto-staged in Zone PR for retail / vacuum pack,0,0,
SCPD-KOB-100G-01,DH257,SCPD,Spicy Coconut Podwer,finished,product,200,Auto-staged in Zone PR for retail / vacuum pack,1234,0,
SES-1KG-01,OS017,SES,Sesame - Cake,finished,product,200,Auto-staged in Zone PR for retail / vacuum pack,0,0,
SESL-1KG-01,SM1002,SESL,Sea Salt,finished,product,200,Auto-staged in Zone PR for retail / vacuum pack,0,0,
SESL-500G-02,SM1003,SESL,Sea Salt,finished,product,200,Auto-staged in Zone PR for retail / vacuum pack,1234,0,
SFCK-1KG-01,OS028,SFCK,Safflower / Kusuma - Cake,finished,product,200,Auto-staged in Zone PR for retail / vacuum pack,0,0,
SFOL-1L-GL-05,OS044,SFOL,Safflower / Kusuma Oil,finished,product,200,Auto-staged in Zone PR for retail / vacuum pack,0,0,
SFOL-1L-PL-03,OS026,SFOL,Safflower / Kusuma Oil,finished,product,200,Auto-staged in Zone PR for retail / vacuum pack,0,0,
SFOL-1L-TN-04,OS067,SFOL,Safflower / Kusuma Oil,finished,product,200,Auto-staged in Zone PR for retail / vacuum pack,0,0,
SFOL-500ML-GL-07,OS045,SFOL,Safflower / Kusuma Oil,finished,product,200,Auto-staged in Zone PR for retail / vacuum pack,0,0,
SFOL-500ML-PL-06,OS027,SFOL,Safflower / Kusuma Oil,finished,product,200,Auto-staged in Zone PR for retail / vacuum pack,0,0,
SFOL-5L-PL-01,OS025,SFOL,Safflower / Kusuma Oil,finished,product,200,Auto-staged in Zone PR for retail / vacuum pack,0,0,
SFOL-5L-TN-02,OS066,SFOL,Safflower / Kusuma Oil,finished,product,200,Auto-staged in Zone PR for retail / vacuum pack,0,0,
SFSD-1KG-01,OS024,SFSD,Safflower Seeds,finished,product,200,Auto-staged in Zone PR for retail / vacuum pack,0,0,
SHKI-1KG-01,CH265,SHKI,Sheekai,finished,product,200,Auto-staged in Zone PR for retail / vacuum pack,0,0,
SHKI-500G-02,CH267,SHKI,Sheekai,finished,product,200,Auto-staged in Zone PR for retail / vacuum pack,1234,0,
SHMP-200ML-02,CH223,SHMP,Shampoo,finished,product,200,Auto-staged in Zone PR for retail / vacuum pack,0,0,
SHMP-600ML-01,CH222,SHMP,Shampoo,finished,product,200,Auto-staged in Zone PR for retail / vacuum pack,0,0,
SJPP-100G-01,S1227,SJPP,Sweet Jowar Pops,finished,product,200,Auto-staged in Zone PR for retail / vacuum pack,0,0,
SNPN-BAT-200G-01,CH224,SNPN,SunniPindi,finished,product,200,Auto-staged in Zone PR for retail / vacuum pack,0,0,
SOIL-1L-GL-05,OS040,SOIL,Sesame Oil,finished,product,200,Auto-staged in Zone PR for retail / vacuum pack,0,0,
SOIL-1L-PL-03,OS015,SOIL,Sesame Oil,finished,product,200,Auto-staged in Zone PR for retail / vacuum pack,0,0,
SOIL-1L-TN-04,OS063,SOIL,Sesame Oil,finished,product,200,Auto-staged in Zone PR for retail / vacuum pack,0,0,
SOIL-500ML-GL-07,OS041,SOIL,Sesame Oil,finished,product,200,Auto-staged in Zone PR for retail / vacuum pack,0,0,
SOIL-500ML-PL-06,OS016,SOIL,Sesame Oil,finished,product,200,Auto-staged in Zone PR for retail / vacuum pack,0,0,
SOIL-5L-PL-01,OS014,SOIL,Sesame Oil,finished,product,200,Auto-staged in Zone PR for retail / vacuum pack,0,0,
SOIL-5L-TN-02,OS062,SOIL,Sesame Oil,finished,product,200,Auto-staged in Zone PR for retail / vacuum pack,0,0,
SOYA-1KG-01,RC156,SOYA,Soya beans,finished,product,200,Auto-staged in Zone PR for retail / vacuum pack,0,0,
SOYA-250G-03,RC158,SOYA,Soya beans,finished,product,200,Auto-staged in Zone PR for retail / vacuum pack,1234,0,
SOYA-500G-02,RC157,SOYA,Soya beans,finished,product,200,Auto-staged in Zone PR for retail / vacuum pack,0,0,
SPNT-KUN-1KG-01,CH264,SPNT,Soapnuts,finished,product,200,Auto-staged in Zone PR for retail / vacuum pack,0,0,
SPNT-KUN-500G-02,CH263,SPNT,Soapnuts,finished,product,200,Auto-staged in Zone PR for retail / vacuum pack,1234,0,
SRMP-1KG-01,ML472,SRMP,Sprouted Ragi Malt powder,finished,product,200,Auto-staged in Zone PR for retail / vacuum pack,0,0,
SRMP-500G-02,ML473,SRMP,Sprouted Ragi Malt powder,finished,product,200,Auto-staged in Zone PR for retail / vacuum pack,1234,0,
SSB-1KG-01,OS011,SSB,Sesame-Seeds (Black),finished,product,200,Auto-staged in Zone PR for retail / vacuum pack,1234,0,
SSB-250G-03,OS013,SSB,Sesame-Seeds (Black),finished,product,200,Auto-staged in Zone PR for retail / vacuum pack,1234,0,
SSB-500G-02,OS012,SSB,Sesame-Seeds (Black),finished,product,200,Auto-staged in Zone PR for retail / vacuum pack,1234,0,
SSRC-SIN-1KG-01,RC167,SSRC,Sidda Sana Rice,finished,product,200,Auto-staged in Zone PR for retail / vacuum pack,0,0,
STAR-25G-01,SM980,STAR,Anasa puvvu,finished,product,200,Auto-staged in Zone PR for retail / vacuum pack,0,0,
SVSP-1KG-01,S1298,SVSP,Sajja Vada Spicy,finished,product,200,Auto-staged in Zone PR for retail / vacuum pack,0,0,
SVSP-200G-03,S1222,SVSP,Sajja Vada Spicy,finished,product,200,Auto-staged in Zone PR for retail / vacuum pack,0,0,
SVSP-500G-02,S1267,SVSP,Sajja Vada Spicy,finished,product,200,Auto-staged in Zone PR for retail / vacuum pack,0,0,
SVSW-1KG-01,S1299,SVSW,Sajja Vada Sweet,finished,product,200,Auto-staged in Zone PR for retail / vacuum pack,0,0,
SVSW-200G-03,S1223,SVSW,Sajja Vada Sweet,finished,product,200,Auto-staged in Zone PR for retail / vacuum pack,0,0,
SVSW-500G-02,S1268,SVSW,Sajja Vada Sweet,finished,product,200,Auto-staged in Zone PR for retail / vacuum pack,0,0,
THCM-100G-04,SM955,THCM,Turmeric Powder (High Curcumin),finished,product,200,Auto-staged in Zone PR for retail / vacuum pack,0,0,
THCM-1KG-01,SM952,THCM,Turmeric Powder (High Curcumin),finished,product,200,Auto-staged in Zone PR for retail / vacuum pack,0,0,
THCM-250G-03,SM954,THCM,Turmeric Powder (High Curcumin),finished,product,200,Auto-staged in Zone PR for retail / vacuum pack,0,0,
THCM-500G-02,SM953,THCM,Turmeric Powder (High Curcumin),finished,product,200,Auto-staged in Zone PR for retail / vacuum pack,0,0,
TLAR-200ML-02,DH337,TLAR,Tulasi Ark,finished,product,200,Auto-staged in Zone PR for retail / vacuum pack,0,0,
TLAR-500ML-01,DH336,TLAR,Tulasi Ark,finished,product,200,Auto-staged in Zone PR for retail / vacuum pack,0,0,
TLTC-STR-500ML-01,CH257,TLTC,Toilet Cleaner,finished,product,200,Auto-staged in Zone PR for retail / vacuum pack,0,0,
TMPK-300G-02,SM960,TMPK,Tomato Pickle,finished,product,200,Auto-staged in Zone PR for retail / vacuum pack,0,0,
TMRD-1KG-01,SM938,TMRD,Tamarind,finished,product,200,Auto-staged in Zone PR for retail / vacuum pack,0,0,
TMRD-250G-03,SM940,TMRD,Tamarind,finished,product,200,Auto-staged in Zone PR for retail / vacuum pack,0,0,
TMRD-500G-02,SM939,TMRD,Tamarind,finished,product,200,Auto-staged in Zone PR for retail / vacuum pack,0,0,
TPDR-50G-01,CH225,TPDR,Tooth powder,finished,product,200,Auto-staged in Zone PR for retail / vacuum pack,0,0,
TRFC-200G-01,DH354,TRFC,Trifala Churn,finished,product,200,Auto-staged in Zone PR for retail / vacuum pack,0,0,
TRMP-100G-04,SM944,TRMP,Turmeric Powder,finished,product,200,Auto-staged in Zone PR for retail / vacuum pack,1234,0,
TRMP-1KG-01,SM941,TRMP,Turmeric Powder,finished,product,200,Auto-staged in Zone PR for retail / vacuum pack,0,0,
TRMP-250G-03,SM943,TRMP,Turmeric Powder,finished,product,200,Auto-staged in Zone PR for retail / vacuum pack,0,0,
TRMP-500G-02,SM942,TRMP,Turmeric Powder,finished,product,200,Auto-staged in Zone PR for retail / vacuum pack,1234,0,
VNKR-100G-01,SM1006,VNKR,Verrinuvvula karam,finished,product,200,Auto-staged in Zone PR for retail / vacuum pack,1234,0,
WGCK-GMS-100G-04,S1241,WGCK,White Gingely Chikki,finished,product,200,Auto-staged in Zone PR for retail / vacuum pack,0,0,
WGCK-GMS-200G-03,S1240,WGCK,White Gingely Chikki,finished,product,200,Auto-staged in Zone PR for retail / vacuum pack,1234,0,
WGCK-GMS-500G-02,S1271,WGCK,White Gingely Chikki,finished,product,200,Auto-staged in Zone PR for retail / vacuum pack,0,0,
WGCK-KG-1KG-01,S1306,WGCK,White Gingely Chikki,finished,product,200,Auto-staged in Zone PR for retail / vacuum pack,0,0,
WGLD-GMS-100G-03,S1244,WGLD,White Gingely Laddu,finished,product,200,Auto-staged in Zone PR for retail / vacuum pack,0,0,
WGLD-GMS-500G-02,S1273,WGLD,White Gingely Laddu,finished,product,200,Auto-staged in Zone PR for retail / vacuum pack,0,0,
WGLD-KG-1KG-01,S1308,WGLD,White Gingely Laddu,finished,product,200,Auto-staged in Zone PR for retail / vacuum pack,0,0,
WGO-1L-GL-05,OS048,WGO,White gingelly oil,finished,product,200,Auto-staged in Zone PR for retail / vacuum pack,0,0,
WGO-1L-PL-03,OS036,WGO,White gingelly oil,finished,product,200,Auto-staged in Zone PR for retail / vacuum pack,0,0,
WGO-1L-TN-04,OS071,WGO,White gingelly oil,finished,product,200,Auto-staged in Zone PR for retail / vacuum pack,0,0,
WGO-500ML-GL-07,OS049,WGO,White gingelly oil,finished,product,200,Auto-staged in Zone PR for retail / vacuum pack,0,0,
WGO-500ML-PL-06,OS037,WGO,White gingelly oil,finished,product,200,Auto-staged in Zone PR for retail / vacuum pack,0,0,
WGO-5L-PL-01,OS057,WGO,White gingelly oil,finished,product,200,Auto-staged in Zone PR for retail / vacuum pack,0,0,
WGO-5L-TN-02,OS070,WGO,White gingelly oil,finished,product,200,Auto-staged in Zone PR for retail / vacuum pack,0,0,
WGRP-100G-01,DH344,WGRP,Wheat Grass Powder,finished,product,200,Auto-staged in Zone PR for retail / vacuum pack,1234,0,
WHET-1KG-01,RC159,WHET,Wheat,finished,product,200,Auto-staged in Zone PR for retail / vacuum pack,0,100,STR.PR.WHET.00
WHET-250G-03,RC204,WHET,Wheat,finished,product,200,Auto-staged in Zone PR for retail / vacuum pack,0,100,STR.PR.WHET.00
WHET-500G-02,RC203,WHET,Wheat,finished,product,200,Auto-staged in Zone PR for retail / vacuum pack,0,100,STR.PR.WHET.00
WHFL-1KG-01,RC160,WHFL,Wheat Flour,finished,product,200,Auto-staged in Zone PR for retail / vacuum pack,1234,0,
WHRV-1KG-01,RC161,WHRV,Wheat Ravva,finished,product,200,Auto-staged in Zone PR for retail / vacuum pack,1234,0,
WHRV-500G-02,RC162,WHRV,Wheat Ravva,finished,product,200,Auto-staged in Zone PR for retail / vacuum pack,0,0,
WLND-100G-02,DH352,WLND,Walnuts (Desi-Akhrot),finished,product,200,Auto-staged in Zone PR for retail / vacuum pack,0,0,
WLND-500G-01,DH411,WLND,Walnuts (Desi-Akhrot),finished,product,200,Auto-staged in Zone PR for retail / vacuum pack,0,0,
WRPA-1KG-01,RC202,WRPA,white Rice Poha / Atukulu,finished,product,200,Auto-staged in Zone PR for retail / vacuum pack,0,0,
WRPA-250G-03,RC164,WRPA,white Rice Poha / Atukulu,finished,product,200,Auto-staged in Zone PR for retail / vacuum pack,0,0,
WRPA-500G-02,RC163,WRPA,white Rice Poha / Atukulu,finished,product,200,Auto-staged in Zone PR for retail / vacuum pack,0,0,
WSS-100G-04,OS010,WSS,White Sesame-Seeds,finished,product,200,Auto-staged in Zone PR for retail / vacuum pack,0,0,
WSS-1KG-01,OS007,WSS,White Sesame-Seeds,finished,product,200,Auto-staged in Zone PR for retail / vacuum pack,1234,0,
WSS-250G-03,OS009,WSS,White Sesame-Seeds,finished,product,200,Auto-staged in Zone PR for retail / vacuum pack,0,0,
WSS-500G-02,OS008,WSS,White Sesame-Seeds,finished,product,200,Auto-staged in Zone PR for retail / vacuum pack,1234,0,
